DisNo.,Disaster Subtype,External IDs,ISO,Magnitude,Date,Total Deaths,No. Injured,No. Homeless,No. Affected,Total Affected,Development,Depth
1990-0009-PHL,Ground movement,,PHL,6.6,1990/2/8,1.0,4.0,,34500.0,34504.0,0.0,
1990-0017-IDN,Ground movement,,IDN,7.8,1990/4/18,5.0,36.0,,7000.0,7036.0,0.0,
1990-0020-BGR,Ground movement,,BGR,7.0,1990/5/30,1.0,,,,,0.0,
1990-0020-ROU,Ground movement,,ROU,7.0,1990/5/30,9.0,700.0,,,700.0,0.0,
1990-0020-SUN,Ground movement,,SUN,7.0,1990/5/30,4.0,,,,,,
1990-0028-PHL,Ground movement,,PHL,7.1,1990/6/14,4.0,15.0,,,15.0,0.0,
1990-0029-PER,Ground movement,,PER,6.6,1990/5/29,200.0,800.0,30000.0,70000.0,100800.0,0.0,
1990-0031-SUN,Ground movement,,SUN,6.8,1990/6/14,1.0,,20000.0,,20000.0,,
1990-0033-SDN,Ground movement,,SDN,6.8,1990/5/20,,,,8000.0,8000.0,0.0,
1990-0033-UGA,Ground movement,,UGA,,1990/5/20,,,,,,0.0,
1990-0034-IRN,Ground movement,,IRN,7.3,1990/6/21,40000.0,105000.0,105000.0,500000.0,710000.0,0.0,
1990-0040-PHL,Ground movement,,PHL,7.7,1990/7/16,2412.0,3513.0,,1594040.0,1597553.0,0.0,
1990-0093-CHN,Ground movement,,CHN,6.2,1990/10/20,1.0,16.0,,30000.0,30016.0,0.0,
1990-0099-CHN,Ground movement,,CHN,6.9,1990/4/26,126.0,2049.0,7696.0,24574.0,34319.0,0.0,
1990-0105-ITA,Ground movement,,ITA,5.4,1990/5/6,2.0,16.0,,,16.0,0.0,
1990-0118-IRN,Ground movement,,IRN,6.6,1990/11/6,21.0,90.0,1310.0,21000.0,22400.0,0.0,
1990-0165-PAK,Ground movement,,PAK,6.6,1990/10/22,11.0,250.0,,,250.0,0.0,
1990-0169-GRC,Ground movement,,GRC,5.5,1990/12/21,1.0,60.0,,,60.0,0.0,
1990-0170-CRI,Ground movement,,CRI,5.8,1990/12/22,1.0,299.0,14000.0,,14299.0,0.0,
1990-0186-VUT,Ground movement,,VUT,6.7,1990/2/19,,,,,,0.0,
1990-0187-USA,Ground movement,,USA,5.5,1990/2/28,,30.0,,,30.0,1.0,
1990-0188-FJI,Ground movement,,FJI,7.4,1990/3/3,,,,,,0.0,
1990-0189-PAK,Ground movement,,PAK,6.1,1990/3/4,11.0,40.0,,,40.0,0.0,
1990-0190-VUT,Ground movement,,VUT,7.0,1990/3/5,,,,,,0.0,
1990-0191-CRI,Ground movement,,CRI,6.8,1990/3/25,,10.0,,300.0,310.0,0.0,
1990-0193-GBR,Ground movement,,GBR,4.7,1990/4/2,,,,,,1.0,
1990-0194-NIC,Ground movement,,NIC,6.4,1990/4/3,,,,,,0.0,
1990-0202-KEN,Ground movement,,KEN,7.2,1990/5/24,,,,,,0.0,
1990-0203-UGA,Ground movement,,UGA,6.8,1990/5/24,,,,,,0.0,
1990-0214-PNG,Ground movement,,PNG,,1990/6/7,,,,,,0.0,
1990-0217-GRC,Ground movement,,GRC,5.1,1990/6/16,,1.0,,,1.0,0.0,
1990-0221-FJI,Ground movement,,FJI,6.3,1990/6/23,,,,,,0.0,
1990-0227-VUT,Ground movement,,VUT,6.8,1990/7/27,,2.0,,,2.0,0.0,
1990-0228-SUN,Ground movement,,SUN,6.1,1990/8/3,,8.0,1500.0,,1508.0,,
1990-0230-ECU,Ground movement,,ECU,5.0,1990/8/11,4.0,10.0,,6500.0,6510.0,0.0,
1990-0250-ITA,Ground movement,,ITA,4.7,1990/12/13,19.0,200.0,2500.0,,2700.0,0.0,
1990-0593-IDN,Ground movement,,IDN,6.0,1990/11/15,1.0,32.0,,2140.0,2172.0,0.0,
1990-0601-SUN,Ground movement,,SUN,5.0,1990/12/1,,,3000.0,,3000.0,,
1990-0702-IDN,Ground movement,,IDN,5.8,1990/7/6,,103.0,,,103.0,0.0,
1990-0703-USA,Ground movement,,USA,4.3,1990/3/30,,,,120.0,120.0,1.0,
1990-0704-ZAF,Ground movement,,ZAF,4.0,1990/10/18,10.0,6.0,,,6.0,0.0,
1991-0001-MMR,Ground movement,,MMR,7.2,1991/1/5,,,,160.0,160.0,0.0,
1991-0033-AFG,Ground movement,,AFG,6.4,1991/1/31,130.0,,,7000.0,7000.0,0.0,
1991-0033-PAK,Ground movement,,PAK,6.4,1991/1/31,300.0,574.0,29465.0,174755.0,204794.0,0.0,
1991-0033-SUN,Ground movement,,SUN,6.8,1991/1/31,3.0,,,,,,
1991-0043-CHN,Ground movement,,CHN,6.5,1991/2/25,,3.0,600.0,42205.0,42808.0,0.0,
1991-0055-SUN,Ground movement,,SUN,6.8,1991/3/8,,,,,,,
1991-0066-PER,Ground movement,,PER,6.9,1991/4/4,53.0,750.0,,45000.0,45750.0,0.0,
1991-0088-CHN,Ground movement,,CHN,5.8,1991/3/26,1.0,542.0,,240000.0,240542.0,0.0,
1991-0114-CRI,Ground movement,,CRI,6.3,1991/4/22,47.0,199.0,3900.0,6320.0,10419.0,0.0,
1991-0114-PAN,Ground movement,,PAN,7.2,1991/4/22,30.0,560.0,7000.0,10500.0,18060.0,0.0,
1991-0117-SUN,Ground movement,,SUN,6.9,1991/4/29,270.0,1500.0,160000.0,90000.0,251500.0,,
1991-0122-GEO,Ground movement,,GEO,6.3,1991/6/15,8.0,200.0,1350.0,2190.0,3740.0,0.0,
1991-0124-IDN,Ground movement,,IDN,6.9,1991/6/20,,,,1000.0,1000.0,0.0,
1991-0165-IDN,Ground movement,,IDN,6.7,1991/7/4,28.0,191.0,1000.0,15000.0,16191.0,0.0,
1991-0173-PER,Ground movement,,PER,5.0,1991/7/24,11.0,35.0,,1500.0,1535.0,0.0,
1991-0192-USA,Ground movement,,USA,5.8,1991/6/28,2.0,100.0,,,100.0,1.0,
1991-0230-GTM,Ground movement,,GTM,5.3,1991/9/18,14.0,90.0,,23800.0,23890.0,0.0,
1991-0232-IRQ,Ground movement,,IRQ,5.6,1991/7/27,20.0,,500.0,,500.0,0.0,
1991-0284-IRN,Ground movement,,IRN,5.4,1991/11/4,,51.0,,1450.0,1501.0,0.0,
1991-0293-CRI,Ground movement,,CRI,4.9,1991/8/9,,,,150.0,150.0,0.0,
1991-0368-IND,Ground movement,,IND,6.1,1991/10/20,1500.0,1383.0,,53000.0,54383.0,0.0,
1991-0390-COL,Ground movement,,COL,6.8,1991/11/19,2.0,2.0,295.0,570.0,867.0,0.0,
1991-0399-ROU,Ground movement,,ROU,5.7,1991/12/2,,5.0,4000.0,,4005.0,0.0,
1991-0498-AFG,Ground movement,,AFG,5.4,1991/4/18,24.0,,,,,0.0,
1991-0498-SUN,Ground movement,,SUN,5.4,1991/4/18,1.0,,,5000.0,5000.0,,
1991-0682-YEM,Ground movement,,YEM,4.4,1991/11/22,10.0,39.0,40000.0,,40039.0,0.0,
1991-0773-CRI,Ground movement,,CRI,5.6,1991/5/4,,,,,,0.0,
1991-0773-PAN,Ground movement,,PAN,5.6,1991/5/4,,36.0,2000.0,,2036.0,0.0,
1991-0774-ROU,Ground movement,,ROU,5.7,1991/7/18,,,,1845.0,1845.0,0.0,
1992-0012-DZA,Ground movement,,DZA,5.0,1992/1/19,,,,2250.0,2250.0,0.0,
1992-0022-TUR,Ground movement,,TUR,6.8,1992/3/13,653.0,3850.0,95000.0,250000.0,348850.0,0.0,
1992-0058-PAK,Ground movement,,PAK,5.7,1992/8/28,4.0,,,200.0,200.0,0.0,
1992-0064-COD,Ground movement,,COD,6.7,1992/9/11,9.0,61.0,250.0,,311.0,0.0,
1992-0067-CUB,Ground movement,,CUB,7.0,1992/5/25,,40.0,,5829.0,5869.0,0.0,
1992-0079-NIC,Ground movement,,NIC,7.0,1992/9/1,179.0,489.0,,5690.0,6179.0,0.0,
1992-0081-KGZ,Ground movement,,KGZ,7.5,1992/8/19,54.0,100.0,32538.0,54168.0,86806.0,0.0,
1992-0082-KGZ,Ground movement,,KGZ,7.0,1992/5/22,4.0,,,50000.0,50000.0,0.0,
1992-0093-BEL,Ground movement,,BEL,5.5,1992/4/13,,,,,,1.0,
1992-0093-DEU,Ground movement,,DEU,5.6,1992/4/13,1.0,25.0,,1500.0,1525.0,1.0,
1992-0093-NLD,Ground movement,,NLD,5.5,1992/4/13,,20.0,,,20.0,1.0,
1992-0120-USA,Ground movement,,USA,6.9,1992/4/25,,94.0,,,94.0,1.0,
1992-0149-EGY,Ground movement,,EGY,5.9,1992/10/12,552.0,9929.0,25020.0,57700.0,92649.0,0.0,
1992-0151-COL,Ground movement,,COL,6.6,1992/10/17,11.0,135.0,1500.0,,1635.0,0.0,
1992-0163-IDN,Ground movement,,IDN,7.5,1992/12/12,2500.0,2103.0,90000.0,,92103.0,0.0,
1992-0180-IRN,Ground movement,,IRN,4.9,1992/3/4,5.0,50.0,4000.0,,4050.0,0.0,
1992-0202-AFG,Ground movement,,AFG,5.5,1992/5/20,14.0,,,,,0.0,
1992-0202-PAK,Ground movement,,PAK,6.0,1992/5/20,36.0,100.0,2000.0,,2100.0,0.0,
1992-0215-USA,Ground movement,,USA,7.4,1992/6/28,1.0,300.0,,,300.0,1.0,
1992-0236-UZB,Ground movement,,UZB,5.6,1992/5/15,9.0,,,50000.0,50000.0,0.0,
1992-0247-IDN,Ground movement,,IDN,5.0,1992/2/4,,1.0,7500.0,,7501.0,0.0,
1992-0252-JPN,Ground movement,,JPN,5.9,1992/2/2,,32.0,,,32.0,1.0,
1992-0256-CHN,Ground movement,,CHN,6.5,1992/7/31,,,,16000.0,16000.0,0.0,
1992-0481-GEO,Ground movement,,GEO,6.7,1992/10/24,1.0,10.0,,,10.0,0.0,
1992-0554-USA,Ground movement,,USA,6.2,1992/4/22,,32.0,,,32.0,1.0,
1993-0035-IRN,Ground movement,,IRN,5.6,1993/6/22,24.0,49.0,,4000.0,4049.0,0.0,
1993-0044-JPN,Tsunami,,JPN,7.8,1993/7/12,239.0,233.0,1620.0,5502.0,7355.0,1.0,
1993-0049-GUM,Ground movement,,GUM,8.1,1993/8/9,,71.0,,,71.0,,
1993-0056-SDN,Ground movement,,SDN,6.2,1993/8/1,3.0,15.0,,,15.0,0.0,
1993-0074-IND,Ground movement,,IND,6.4,1993/9/29,9748.0,30000.0,,,30000.0,0.0,
1993-0076-PNG,Ground movement,,PNG,7.2,1993/10/13,53.0,200.0,10000.0,10000.0,20200.0,0.0,
1993-0086-MEX,Ground movement,,MEX,6.5,1993/10/24,,,,,,0.0,
1993-0097-JPN,Ground movement,,JPN,7.5,1993/1/15,2.0,722.0,,9800.0,10522.0,1.0,
1993-0108-CHN,Ground movement,,CHN,6.3,1993/1/27,,66.0,34860.0,107220.0,142146.0,0.0,
1993-0134-WLF,Ground movement,,WLF,6.5,1993/3/13,5.0,20.0,,,20.0,,
1993-0136-GRC,Ground movement,,GRC,5.2,1993/3/27,1.0,16.0,,1500.0,1516.0,0.0,
1993-0144-PER,Ground movement,,PER,5.6,1993/4/18,6.0,25.0,,120.0,145.0,0.0,
1993-0184-CRI,Ground movement,,CRI,4.4,1993/7/10,3.0,40.0,,200.0,240.0,0.0,
1993-0480-USA,Ground movement,,USA,5.8,1993/9/21,2.0,,,3000.0,3000.0,1.0,
1993-0490-COL,Ground movement,,COL,6.1,1993/7/22,2.0,60.0,,3011.0,3071.0,0.0,
1993-0578-IRN,Ground movement,,IRN,5.1,1993/1/27,,3.0,1000.0,,1003.0,0.0,
1993-0579-GRC,Ground movement,,GRC,5.3,1993/7/14,,5.0,,600.0,605.0,0.0,
1993-0580-NPL,Ground movement,,NPL,5.1,1993/10/20,,55.0,,230.0,285.0,0.0,
1993-0581-IND,Ground movement,,IND,4.6,1993/11/12,,25.0,,500.0,525.0,0.0,
1993-0582-CHN,Ground movement,,CHN,5.2,1993/11/30,,4.0,500.0,,504.0,0.0,
1994-0002-USA,Ground movement,,USA,6.6,1994/1/17,60.0,7000.0,20000.0,,27000.0,1.0,
1994-0006-IDN,Ground movement,,IDN,6.8,1994/1/21,7.0,40.0,,200000.0,200040.0,0.0,
1994-0007-IDN,Ground movement,,IDN,7.2,1994/2/16,207.0,1449.0,10330.0,37620.0,49399.0,0.0,
1994-0040-IRN,Ground movement,,IRN,6.1,1994/2/23,9.0,,,1500.0,1500.0,0.0,
1994-0041-IRN,Ground movement,,IRN,5.6,1994/3/1,3.0,31.0,,15010.0,15041.0,0.0,
1994-0051-UGA,Ground movement,,UGA,6.2,1994/2/6,7.0,,,50000.0,50000.0,0.0,
1994-0057-AFG,Ground movement,,AFG,6.3,1994/5/1,160.0,330.0,,100000.0,100330.0,0.0,
1994-0058-BOL,Ground movement,,BOL,7.5,1994/6/9,5.0,,,,,0.0,
1994-0059-COL,Ground movement,,COL,6.4,1994/6/6,271.0,158.0,24797.0,12461.0,37416.0,0.0,
1994-0062-IDN,Ground movement,,IDN,7.2,1994/6/2,239.0,440.0,,8280.0,8720.0,0.0,
1994-0070-IRN,Ground movement,,IRN,6.0,1994/6/20,2.0,100.0,,,100.0,0.0,
1994-0076-VUT,Ground movement,,VUT,7.3,1994/8/13,,,,,,0.0,
1994-0196-DZA,Ground movement,,DZA,5.6,1994/8/18,171.0,289.0,,12500.0,12789.0,0.0,
1994-0307-CHN,Ground movement,,CHN,6.8,1994/9/15,1.0,500.0,,,500.0,0.0,
1994-0316-JPN,Ground movement,,JPN,7.5,1994/12/28,2.0,285.0,,,285.0,1.0,
1994-0342-RUS,Ground movement,,RUS,7.9,1994/10/4,11.0,242.0,2100.0,,2342.0,0.0,
1994-0343-JPN,Ground movement,,JPN,7.9,1994/10/4,5.0,1500.0,,,1500.0,1.0,
1994-0513-IDN,Ground movement,,IDN,6.3,1994/10/9,1.0,52.0,,2385.0,2437.0,0.0,
1994-0518-PHL,Ground movement,,PHL,7.1,1994/11/15,81.0,171.0,3985.0,266710.0,270866.0,0.0,
1994-0599-USA,Ground movement,,USA,5.3,1994/12/26,,,,225.0,225.0,1.0,
1994-0600-CHN,Ground movement,,CHN,6.1,1994/12/31,,360.0,,5500.0,5860.0,0.0,
1994-0642-AUS,Ground movement,,AUS,5.4,1994/8/6,,5.0,20.0,5000.0,5025.0,1.0,
1994-0652-IDN,Ground movement,,IDN,5.7,1994/11/20,,28.0,,39.0,67.0,0.0,
1994-0767-CHN,Ground movement,,CHN,5.8,1994/1/3,,5.0,,280.0,285.0,0.0,
1994-0768-PHL,Ground movement,,PHL,5.6,1994/5/13,,3.0,,215.0,218.0,0.0,
1995-0015-COL,Ground movement,,COL,6.5,1995/1/19,7.0,35.0,250.0,2560.0,2845.0,0.0,
1995-0016-JPN,Ground movement,,JPN,7.2,1995/1/17,5297.0,34492.0,251301.0,255843.0,541636.0,1.0,
1995-0030-COL,Ground movement,,COL,6.4,1995/2/8,40.0,230.0,3000.0,11867.0,15097.0,0.0,
1995-0034-CYP,Ground movement,,CYP,5.8,1995/2/23,2.0,5.0,150.0,1710.0,1865.0,0.0,
1995-0047-ECU,Ground movement,,ECU,5.2,1995/3/26,1.0,85.0,,,85.0,0.0,
1995-0054-COL,Ground movement,,COL,5.1,1995/3/4,8.0,4.0,,255.0,259.0,0.0,
1995-0055-PHL,Ground movement,,PHL,7.3,1995/4/21,,,,,,0.0,
1995-0084-IDN,Ground movement,,IDN,6.8,1995/5/14,15.0,26.0,,150.0,176.0,0.0,
1995-0085-GRC,Ground movement,,GRC,6.6,1995/5/13,26.0,60.0,,15000.0,15060.0,0.0,
1995-0089-IDN,Ground movement,,IDN,5.5,1995/5/19,,38.0,,1500.0,1538.0,0.0,
1995-0097-RUS,Ground movement,,RUS,7.6,1995/5/27,1989.0,750.0,,,750.0,0.0,
1995-0148-CHN,Ground movement,,CHN,7.1,1995/7/12,11.0,136.0,,1000000.0,1000136.0,0.0,
1995-0148-MMR,Ground movement,,MMR,7.1,1995/7/12,,,,,,0.0,
1995-0148-THA,Ground movement,,THA,7.1,1995/7/12,,,,,,0.0,
1995-0171-CHL,Ground movement,,CHL,7.8,1995/7/30,3.0,58.0,575.0,1200.0,1833.0,0.0,
1995-0203-MEX,Ground movement,,MEX,7.2,1995/9/14,6.0,25.0,3505.0,1140.0,4670.0,0.0,
1995-0226-ECU,Ground movement,,ECU,6.9,1995/10/2,2.0,5.0,600.0,200.0,805.0,0.0,
1995-0233-TUR,Ground movement,,TUR,6.1,1995/10/1,94.0,240.0,40000.0,120000.0,160240.0,0.0,
1995-0252-IDN,Ground movement,,IDN,7.0,1995/10/7,84.0,1868.0,35685.0,52665.0,90218.0,0.0,
1995-0253-MEX,Ground movement,,MEX,7.5,1995/10/9,58.0,100.0,8770.0,35595.0,44465.0,0.0,
1995-0261-CHN,Ground movement,,CHN,6.1,1995/10/24,46.0,297.0,20000.0,,20297.0,0.0,
1995-0293-EGY,Ground movement,,EGY,6.2,1995/11/22,10.0,69.0,,,69.0,0.0,
1995-0437-GRC,Ground movement,,GRC,6.3,1995/6/15,26.0,100.0,6300.0,7500.0,13900.0,0.0,
1995-0449-JPN,Ground movement,,JPN,5.3,1995/4/1,,39.0,,1512.0,1551.0,1.0,
1995-0454-MEX,Ground movement,,MEX,6.5,1995/10/20,,,,18000.0,18000.0,0.0,
1995-0457-CHN,Ground movement,,CHN,5.6,1995/7/21,14.0,60.0,5000.0,,5060.0,0.0,
1996-0002-IDN,Ground movement,,IDN,7.0,1996/1/1,9.0,,13000.0,,13000.0,0.0,
1996-0020-AFG,Ground movement,,AFG,,1996/1/31,,,750.0,2500.0,3250.0,0.0,
1996-0021-CHN,Ground movement,,CHN,7.0,1996/2/3,309.0,16925.0,1790870.0,3270000.0,5077795.0,0.0,
1996-0042-PER,Tsunami,,PER,,1996/2/21,7.0,2.0,750.0,,752.0,0.0,
1996-0061-IDN,Ground movement,,IDN,7.5,1996/2/17,166.0,423.0,5090.0,20125.0,25638.0,0.0,
1996-0062-ECU,Ground movement,,ECU,5.7,1996/3/28,27.0,180.0,15525.0,15000.0,30705.0,0.0,
1996-0081-CHN,Ground movement,,CHN,6.4,1996/5/3,18.0,300.0,,200000.0,200300.0,0.0,
1996-0136-CHN,Ground movement,,CHN,6.9,1996/3/19,26.0,128.0,33000.0,,33128.0,0.0,
1996-0179-GRC,Ground movement,,GRC,5.6,1996/8/6,,,,1500.0,1500.0,0.0,
1996-0205-CHN,Ground movement,,CHN,5.7,1996/9/25,,137.0,,,137.0,0.0,
1996-0212-HRV,Ground movement,,HRV,6.0,1996/9/5,,,2000.0,,2000.0,0.0,
1996-0261-PER,Ground movement,,PER,7.3,1996/11/12,14.0,585.0,20030.0,55355.0,75970.0,0.0,
1996-0461-TUR,Ground movement,,TUR,,1996/8/14,,6.0,9000.0,17000.0,26006.0,0.0,
1997-0011-CHN,Ground movement,,CHN,5.9,1997/1/21,12.0,40.0,70000.0,85000.0,155040.0,0.0,
1997-0017-IRN,Ground movement,,IRN,5.6,1997/2/4,100.0,2000.0,27500.0,55000.0,84500.0,0.0,
1997-0028-KGZ,Ground movement,,KGZ,7.0,1997/1/9,,,30.0,1200.0,1230.0,0.0,
1997-0030-PAK,Ground movement,,PAK,6.3,1997/2/28,50.0,100.0,10000.0,,10100.0,0.0,
1997-0035-IRN,Ground movement,,IRN,6.0,1997/2/28,1100.0,2600.0,36000.0,,38600.0,0.0,
1997-0045-TTO,Ground movement,,TTO,6.5,1997/4/22,,2.0,15.0,,17.0,0.0,
1997-0071-MEX,Ground movement,,MEX,7.3,1997/1/12,1.0,,,5000.0,5000.0,0.0,
1997-0095-AFG,Ground movement,,AFG,6.4,1997/5/10,5.0,,,,,0.0,
1997-0095-IRN,Ground movement,,IRN,7.3,1997/5/10,1568.0,2600.0,,72000.0,74600.0,0.0,
1997-0115-IND,Ground movement,,IND,6.0,1997/5/22,43.0,1500.0,30000.0,125000.0,156500.0,0.0,
1997-0116-MEX,Ground movement,,MEX,5.9,1997/5/22,,,,12000.0,12000.0,0.0,
1997-0147-VEN,Ground movement,,VEN,6.7,1997/7/9,80.0,683.0,3500.0,,4183.0,0.0,
1997-0228-ITA,Ground movement,,ITA,5.5,1997/9/26,14.0,100.0,38000.0,,38100.0,1.0,
1997-0240-IDN,Ground movement,,IDN,6.0,1997/9/28,20.0,300.0,,2805.0,3105.0,0.0,
1997-0247-CHL,Ground movement,,CHL,6.8,1997/10/14,8.0,98.0,13000.0,40000.0,53098.0,0.0,
1997-0281-BGD,Ground movement,,BGD,5.9,1997/11/22,23.0,200.0,,,200.0,0.0,
1997-0326-CHN,Ground movement,,CHN,6.6,1997/4/6,9.0,89.0,,500000.0,500089.0,0.0,
1997-0368-ARM,Ground movement,,ARM,4.2,1997/7/18,,,,15000.0,15000.0,0.0,
1997-0531-CHN,Ground movement,,CHN,5.2,1997/3/1,2.0,6.0,20000.0,,20006.0,0.0,
1997-0532-CHN,Ground movement,,CHN,5.8,1997/4/11,9.0,89.0,100000.0,,100089.0,0.0,
1997-0533-IRN,Ground movement,,IRN,6.2,1997/6/25,,,500.0,25000.0,25500.0,0.0,
1997-0534-ZAF,Ground movement,,ZAF,5.0,1997/7/21,15.0,46.0,,,46.0,0.0,
1998-0026-AFG,Ground movement,,AFG,5.9,1998/2/4,2323.0,818.0,,32000.0,32818.0,0.0,
1998-0043-IRN,Ground movement,,IRN,6.6,1998/3/14,5.0,50.0,,1450.0,1500.0,0.0,
1998-0076-CHN,Ground movement,,CHN,6.2,1998/1/10,49.0,12000.0,44000.0,542000.0,598000.0,0.0,
1998-0078-ITA,Ground movement,,ITA,5.2,1998/4/3,,5.0,,900.0,905.0,1.0,
1998-0084-IRN,Ground movement,,IRN,5.8,1998/4/10,12.0,30.0,,2905.0,2935.0,0.0,
1998-0110-AUT,Ground movement,,AUT,5.7,1998/4/12,,,,,,1.0,
1998-0110-SVN,Ground movement,,SVN,5.7,1998/4/12,,,700.0,,700.0,0.0,
1998-0152-AFG,Ground movement,,AFG,6.6,1998/5/30,4700.0,1935.0,45000.0,70000.0,116935.0,0.0,
1998-0169-BOL,Ground movement,,BOL,6.6,1998/5/22,95.0,50.0,6900.0,11100.0,18050.0,0.0,
1998-0201-TUR,Ground movement,,TUR,6.3,1998/6/28,145.0,1600.0,88000.0,1500000.0,1589600.0,0.0,
1998-0206-AZO,Ground movement,,AZO,6.2,1998/7/8,10.0,100.0,1000.0,,1100.0,,
1998-0207-TUR,Ground movement,,TUR,5.1,1998/7/4,,1016.0,,,1016.0,0.0,
1998-0215-AZE,Ground movement,,AZE,5.7,1998/7/9,1.0,10.0,,700000.0,700010.0,0.0,
1998-0220-PNG,Tsunami,,PNG,7.0,1998/7/17,2182.0,668.0,,9199.0,9867.0,0.0,
1998-0353-ECU,Ground movement,,ECU,7.2,1998/8/4,3.0,40.0,750.0,1250.0,2040.0,0.0,
1998-0384-CHN,Ground movement,,CHN,5.6,1998/11/19,3.0,1543.0,23600.0,312300.0,337443.0,0.0,
1998-0385-IRN,Ground movement,,IRN,5.4,1998/11/13,5.0,105.0,,4250.0,4355.0,0.0,
1998-0403-IDN,Ground movement,,IDN,7.7,1998/11/29,33.0,88.0,2560.0,3800.0,6448.0,0.0,
1998-0454-CHN,Ground movement,,CHN,4.5,1998/12/1,,84.0,,107000.0,107084.0,0.0,
1998-0579-AFG,Ground movement,,AFG,6.4,1998/2/20,,,,,,0.0,
1998-0579-PAK,Ground movement,,PAK,6.4,1998/2/20,1.0,11.0,600.0,,611.0,0.0,
1998-0580-CHN,Ground movement,,CHN,5.4,1998/3/19,,,2000.0,,2000.0,0.0,
1998-0581-CHN,Ground movement,,CHN,5.6,1998/5/28,,28.0,10000.0,15000.0,25028.0,0.0,
1998-0582-CHN,Ground movement,,CHN,6.4,1998/8/27,3.0,7.0,18000.0,93855.0,111862.0,0.0,
1998-0583-IDN,Ground movement,,IDN,6.4,1998/9/28,1.0,,190.0,310.0,500.0,0.0,
1998-0584-ALB,Ground movement,,ALB,5.0,1998/10/1,,,,2100.0,2100.0,0.0,
1998-0585-IRN,Ground movement,,IRN,5.4,1998/10/5,,,,500.0,500.0,0.0,
1998-0586-NIC,Ground movement,,NIC,4.4,1998/3/25,,3.0,10.0,225.0,238.0,0.0,
1998-0587-CHN,Ground movement,,CHN,4.7,1998/10/26,,28.0,,3500.0,3528.0,0.0,
1998-0588-TUR,Ground movement,,TUR,4.5,1998/12/14,2.0,,100.0,590.0,690.0,0.0,
1999-0016-COL,Ground movement,,COL,6.2,1999/1/25,1186.0,8563.0,452370.0,745000.0,1205933.0,0.0,
1999-0047-RUS,Ground movement,,RUS,3.2,1999/2/2,,,240.0,6000.0,6240.0,0.0,
1999-0054-AFG,Ground movement,,AFG,6.0,1999/2/11,70.0,500.0,31275.0,60185.0,91960.0,0.0,
1999-0065-IRN,Ground movement,,IRN,6.6,1999/3/4,1.0,,70.0,2620.0,2690.0,0.0,
1999-0099-IND,Ground movement,,IND,6.6,1999/3/28,100.0,394.0,105500.0,372000.0,477894.0,0.0,
1999-0150-IRN,Ground movement,,IRN,7.0,1999/5/6,20.0,100.0,4000.0,,4100.0,0.0,
1999-0196-AZE,Ground movement,,AZE,5.4,1999/6/4,1.0,18.0,8400.0,750.0,9168.0,0.0,
1999-0208-MEX,Ground movement,,MEX,6.5,1999/6/15,15.0,200.0,,16000.0,16200.0,0.0,
1999-0228-BGD,Ground movement,,BGD,5.2,1999/7/22,6.0,200.0,15000.0,,15200.0,0.0,
1999-0268-TUR,Ground movement,,TUR,7.6,1999/8/17,17127.0,43953.0,600000.0,715000.0,1358953.0,0.0,
1999-0302-GRC,Ground movement,,GRC,5.8,1999/9/7,143.0,2000.0,108.0,113031.0,115139.0,0.0,
1999-0314-TUR,Ground movement,,TUR,5.8,1999/9/13,6.0,422.0,,,422.0,0.0,
1999-0321-TWN,Ground movement,,TWN,7.7,1999/9/21,2264.0,8664.0,100000.0,,108664.0,,
1999-0360-MEX,Ground movement,,MEX,7.5,1999/9/30,31.0,215.0,,115000.0,115215.0,0.0,
1999-0376-TUR,Ground movement,,TUR,5.2,1999/10/5,,103.0,,,103.0,0.0,
1999-0383-CHN,Ground movement,,CHN,5.1,1999/3/11,,3.0,1000.0,15000.0,16003.0,0.0,
1999-0384-PER,Ground movement,,PER,6.8,1999/4/3,1.0,50.0,,1500.0,1550.0,0.0,
1999-0385-MEX,Ground movement,,MEX,6.3,1999/6/21,,,,6500.0,6500.0,0.0,
1999-0386-TUR,Ground movement,,TUR,5.2,1999/8/31,1.0,166.0,,,166.0,0.0,
1999-0405-TWN,Ground movement,,TWN,5.9,1999/10/22,1.0,254.0,,,254.0,,
1999-0434-PER,Ground movement,,PER,4.4,1999/10/31,,30.0,1050.0,5500.0,6580.0,0.0,
1999-0445-TUR,Ground movement,,TUR,7.2,1999/11/11,3.0,200.0,,,200.0,0.0,
1999-0449-TUR,Ground movement,,TUR,7.2,1999/11/12,845.0,4948.0,55000.0,165000.0,224948.0,0.0,
1999-0455-CHN,Ground movement,,CHN,5.6,1999/11/1,,4.0,20000.0,3000000.0,3020004.0,0.0,
1999-0524-VUT,Ground movement,,VUT,7.5,1999/11/27,12.0,100.0,2000.0,12000.0,14100.0,0.0,
1999-0553-CHN,Ground movement,,CHN,5.0,1999/11/29,,,,800.0,800.0,0.0,
1999-0561-DZA,Ground movement,,DZA,5.6,1999/12/22,22.0,175.0,15000.0,,15175.0,0.0,
1999-0568-IDN,Ground movement,,IDN,6.5,1999/12/21,5.0,220.0,2700.0,14000.0,16920.0,0.0,
1999-0587-IRN,Ground movement,,IRN,5.3,1999/11/26,,,,250.0,250.0,0.0,
1999-0601-RUS,Ground movement,,RUS,6.5,1999/2/21,1.0,20.0,5000.0,,5020.0,0.0,
1999-0638-ESP,Ground movement,,ESP,6.2,1999/2/2,,20.0,,,20.0,0.0,
1999-0639-GTM,Ground movement,,GTM,6.7,1999/7/11,2.0,40.0,35.0,205.0,280.0,0.0,
1999-0644-PHL,Ground movement,,PHL,7.3,1999/12/12,6.0,40.0,,150.0,190.0,0.0,
2000-0023-BGD,Ground movement,USGS:usp0009khm,BGD,4.3,2000/1/2,,,,1000.0,1000.0,0.0,33.0
2000-0033-CHN,Ground movement,USGS:usp0009m4u,CHN,5.9,2000/1/14,7.0,2528.0,92479.0,1760000.0,1855007.0,0.0,33.0
2000-0036-CHN,Ground movement,USGS:usp0009mq6,CHN,4.9,2000/1/26,1.0,2.0,,10300.0,10302.0,0.0,33.0
2000-0041-CHN,Ground movement,USGS:usp0009m1j,CHN,5.1,2000/1/11,,30.0,18000.0,44000.0,62030.0,0.0,10.0
2000-0051-IRN,Ground movement,USGS:usp0009mz6,IRN,5.3,2000/2/2,1.0,15.0,500.0,1500.0,2015.0,0.0,33.0
2000-0065-IRN,Ground movement,USGS:usp0009ne8,IRN,4.9,2000/2/14,,,,1000.0,1000.0,0.0,33.0
2000-0076-ISL,Ground movement,USGS:usp0009ux8,ISL,6.5,2000/6/21,,,36.0,72.0,108.0,1.0,10.0
2000-0081-COL,Ground movement,USGS:usp000a373,COL,6.5,2000/11/8,2.0,,,430.0,430.0,0.0,17.0
2000-0111-MEX,Ground movement,USGS:usp0009y65,MEX,6.5,2000/8/9,,1.0,,,1.0,0.0,45.8
2000-0230-IDN,Ground movement,USGS:usp0009sbh,IDN,7.6,2000/5/4,45.0,270.0,52500.0,,52770.0,0.0,26.0
2000-0272-TUR,Ground movement,USGS:usp0009ska,TUR,4.5,2000/5/7,1.0,,,1000.0,1000.0,0.0,5.4
2000-0291-TUR,Ground movement,USGS:usp0009u3d,TUR,6.0,2000/6/6,2.0,80.0,,23000.0,23080.0,0.0,10.0
2000-0293-IDN,Ground movement,USGS:usp0009txx,IDN,6.7,2000/6/4,103.0,2714.0,2000.0,200000.0,204714.0,0.0,33.0
2000-0298-CHN,Ground movement,USGS:usp0009u46,CHN,5.6,2000/6/6,,20.0,80.0,,100.0,0.0,10.0
2000-0303-GRC,Ground movement,USGS:usp0009tg5,GRC,5.6,2000/5/26,,,,600.0,600.0,0.0,0.0
2000-0335-ISL,Ground movement,USGS:usp0009urh,ISL,6.5,2000/6/17,,1.0,33.0,57.0,91.0,1.0,10.0
2000-0387-NIC,Ground movement,USGS:usp0009vy1,NIC,5.4,2000/7/6,7.0,42.0,5650.0,1785.0,7477.0,0.0,33.0
2000-0428-JPN,Ground movement,USGS:usp0009vhb,JPN,6.1,2000/7/1,1.0,,,100.0,100.0,1.0,10.0
2000-0449-IDN,Ground movement,USGS:usp0009w9p,IDN,5.4,2000/7/12,,124.0,4000.0,,4124.0,0.0,33.0
2000-0480-RUS,Ground movement,USGS:usp0009xws,RUS,6.8,2000/8/4,,8.0,19100.0,,19108.0,0.0,10.0
2000-0527-CHN,Ground movement,USGS:usp0009yvr,CHN,4.9,2000/8/21,1.0,211.0,177400.0,,177611.0,0.0,33.0
2000-0598-USA,Ground movement,USGS:usp0009zmm,USA,4.9,2000/9/3,,70.0,104.0,25000.0,25174.0,1.0,9.367
2000-0653-TZA,Ground movement,USGS:usp000a14k,TZA,6.5,2000/10/2,1.0,6.0,35.0,750.0,791.0,0.0,34.0
2000-0656-JPN,Ground movement,USGS:usp000a1b0,JPN,6.7,2000/10/6,,130.0,312.0,6690.0,7132.0,1.0,10.0
2000-0743-TJK,Ground movement,USGS:usp000a2se,TJK,4.8,2000/10/30,,,,6000.0,6000.0,0.0,33.0
2000-0749-PNG,Ground movement,USGS:usp000a3qq,PNG,8.0,2000/11/16,2.0,,5000.0,,5000.0,0.0,33.0
2000-0761-IDN,Ground movement,USGS:usp000a2ck,IDN,6.8,2000/10/25,,,,5500.0,5500.0,0.0,38.0
2000-0762-IDN,Ground movement,USGS:usp0009u6r,IDN,6.7,2000/6/7,1.0,,,3000.0,3000.0,0.0,33.0
2000-0769-AZE,Ground movement,USGS:usp000a4xu,AZE,6.8,2000/11/25,31.0,600.0,,2694.0,3294.0,0.0,50.4
2000-0810-TKM,Ground movement,USGS:usp000a5m7,TKM,7.0,2000/12/6,11.0,,,,,0.0,30.0
2001-0005-TZA,Ground movement,USGS:usp0009s0v,TZA,4.3,2001/1/5,,,700.0,,700.0,0.0,10.0
2001-0013-SLV,Ground movement,USGS:usp000a7m5,SLV,7.7,2001/1/13,844.0,4723.0,,1329806.0,1334529.0,0.0,60.0
2001-0023-GTM,Ground movement,USGS:usp000a7m5,GTM,7.7,2001/1/13,6.0,2.0,,150.0,152.0,0.0,60.0
2001-0033-IND,Ground movement,USGS:usp000a8ds,IND,7.7,2001/1/26,20005.0,166812.0,1790000.0,4365000.0,6321812.0,0.0,16.0
2001-0033-PAK,Ground movement,USGS:usp000a8ds,PAK,7.7,2001/1/26,12.0,100.0,,914192.0,914292.0,0.0,16.0
2001-0042-SLV,Ground movement,USGS:usp000a9jv,SLV,6.6,2001/2/13,315.0,3399.0,,252622.0,256021.0,0.0,10.0
2001-0064-CHN,Ground movement,USGS:usp000aa5p,CHN,5.6,2001/2/23,3.0,109.0,300000.0,,300109.0,0.0,33.0
2001-0086-AFG,Ground movement,USGS:usp000aaae,AFG,6.2,2001/2/25,,,,,,0.0,202.5
2001-0099-USA,Ground movement,USGS:uw10530748,USA,6.8,2001/2/28,1.0,400.0,,,400.0,1.0,51.798
2001-0123-JPN,Ground movement,USGS:usp000abyg,JPN,6.8,2001/3/24,2.0,161.0,,11100.0,11261.0,1.0,50.0
2001-0151-CHN,Ground movement,USGS:usp000ad3a,CHN,5.6,2001/4/12,2.0,190.0,,150000.0,150190.0,0.0,10.0
2001-0214-CHN,Ground movement,USGS:usp000afdp,CHN,5.5,2001/5/23,2.0,605.0,10000.0,,10605.0,0.0,33.0
2001-0233-AFG,Ground movement,USGS:usp000afvt,AFG,5.0,2001/6/1,4.0,20.0,250.0,,270.0,0.0,62.1
2001-0294-PER,Tsunami,USGS:usp000ah4q,PER,8.4,2001/6/23,145.0,2713.0,124865.0,222400.0,349978.0,0.0,33.0
2001-0345-PNG,Ground movement,USGS:usp000ag32,PNG,6.4,2001/6/5,,1.0,200.0,,201.0,0.0,10.0
2001-0358-TUR,Ground movement,USGS:usp000ahe3,TUR,5.5,2001/6/25,,130.0,,350.0,480.0,0.0,5.0
2001-0389-CHN,Ground movement,USGS:usp000ajhn,CHN,4.6,2001/7/14,,,,25000.0,25000.0,0.0,33.0
2001-0546-IDN,Ground movement,USGS:usp000ahm8,IDN,5.0,2001/6/28,,12.0,,12500.0,12512.0,0.0,36.9
2001-0598-CHN,Ground movement,USGS:usp000arq9,CHN,5.6,2001/10/27,1.0,220.0,17000.0,,17220.0,0.0,10.0
2001-0669-IDN,Ground movement,USGS:usp000a9kc,IDN,7.4,2001/2/13,,,,,,0.0,36.0
2001-0748-TUR,Ground movement,USGS:usp000ajbh,TUR,5.4,2001/7/10,,46.0,,85.0,131.0,0.0,33.0
2001-0749-GRC,Ground movement,USGS:usp000ak5s,GRC,6.5,2001/7/26,,,,300.0,300.0,0.0,10.0
2001-0750-IRN,Ground movement,USGS:usp000aqec,IRN,4.9,2001/10/8,,,,1000.0,1000.0,0.0,33.0
2001-0751-PER,Ground movement,USGS:usp000atz4,PER,5.8,2001/12/4,2.0,5.0,,150.0,155.0,0.0,33.0
2001-0754-PER,Ground movement,USGS:usp000am2s,PER,5.8,2001/8/9,4.0,15.0,,3950.0,3965.0,0.0,33.0
2002-0002-VUT,Ground movement,USGS:usp000avpw,VUT,7.2,2002/1/3,,,,500.0,500.0,0.0,21.0
2002-0015-TJK,Ground movement,USGS:usp000aw3f,TJK,5.3,2002/1/9,3.0,50.0,,1000.0,1050.0,0.0,33.0
2002-0042-RWA,Ground movement,USGS:usp000awns,RWA,4.7,2002/1/17,45.0,108.0,,1535.0,1643.0,0.0,15.4
2002-0065-TUR,Ground movement,USGS:usp000axp7,TUR,6.5,2002/2/3,42.0,327.0,30000.0,222000.0,252327.0,0.0,5.0
2002-0070-PNG,Ground movement,USGS:usp000aw5z,PNG,6.7,2002/1/10,1.0,,1000.0,,1000.0,0.0,11.0
2002-0107-IRN,Ground movement,USGS:usp000ayn7,IRN,5.4,2002/2/17,1.0,30.0,,750.0,780.0,0.0,33.0
2002-0122-AFG,Ground movement,USGS:usp000azhb,AFG,6.3,2002/3/3,150.0,13.0,,3500.0,3513.0,0.0,209.0
2002-0122-PAK,Ground movement,USGS:usp000azhb,PAK,6.3,2002/3/3,3.0,,,,,0.0,209.0
2002-0122-TJK,Ground movement,USGS:usp000azhb,TJK,6.3,2002/3/3,,,500.0,,500.0,0.0,209.0
2002-0129-PHL,Ground movement,USGS:usp000azqw,PHL,7.5,2002/3/5,15.0,100.0,,73351.0,73451.0,0.0,31.0
2002-0172-TWN,Ground movement,USGS:usp000b1e2,TWN,7.1,2002/3/31,4.0,200.0,,300.0,500.0,,32.8
2002-0175-AFG,Ground movement,USGS:usp000b10y,AFG,6.1,2002/3/25,1000.0,1228.0,10000.0,80000.0,91228.0,0.0,8.0
2002-0208-AFG,Ground movement,USGS:usp000b283,AFG,5.9,2002/4/12,50.0,150.0,,6000.0,6150.0,0.0,10.0
2002-0234-SCG,Ground movement,USGS:usp000b324,SCG,5.7,2002/4/24,1.0,100.0,,,100.0,,10.0
2002-0246-IRN,Ground movement,USGS:usp000b33c,IRN,5.4,2002/4/24,2.0,56.0,,20000.0,20056.0,0.0,33.0
2002-0247-GEO,Ground movement,USGS:usp000b35x,GEO,4.8,2002/4/25,6.0,70.0,1086.0,18000.0,19156.0,0.0,10.0
2002-0368-ARG,Ground movement,USGS:usp000b53c,ARG,6.0,2002/5/28,,27.0,200.0,500.0,727.0,0.0,22.2
2002-0378-IRN,Ground movement,USGS:usp000b6pk,IRN,6.5,2002/6/22,227.0,1300.0,,110000.0,111300.0,0.0,10.0
2002-0512-IDN,Ground movement,USGS:usp000b9xr,IDN,6.2,2002/8/15,,48.0,,2500.0,2548.0,0.0,10.0
2002-0545-EGY,Ground movement,USGS:usp000baje,EGY,4.4,2002/8/24,,,,250.0,250.0,0.0,10.0
2002-0577-PNG,Ground movement,USGS:usp000bbpf,PNG,7.6,2002/9/8,4.0,70.0,,4400.0,4470.0,0.0,13.0
2002-0584-IND,Ground movement,USGS:usp000bc65,IND,6.5,2002/9/13,2.0,,200.0,,200.0,0.0,21.0
2002-0643-IDN,Tsunami,USGS:usp000be54,IDN,7.6,2002/10/10,8.0,632.0,,8450.0,9082.0,0.0,10.0
2002-0654-TZA,Ground movement,USGS:usp000b4j1,TZA,5.5,2002/5/18,2.0,,2000.0,,2000.0,0.0,10.0
2002-0655-CHN,Ground movement,USGS:usp000b9h8,CHN,5.3,2002/8/8,,,48.0,330.0,378.0,0.0,33.0
2002-0680-ITA,Ground movement,USGS:usp000bfkj,ITA,4.3,2002/10/29,,9.0,1000.0,,1009.0,1.0,10.0
2002-0690-ITA,Ground movement,USGS:usp000bfqg,ITA,5.9,2002/10/31,30.0,33.0,8500.0,,8533.0,1.0,10.0
2002-0692-PAK,Ground movement,USGS:usp000bfug,PAK,5.4,2002/11/2,17.0,65.0,4000.0,11000.0,15065.0,0.0,33.0
2002-0721-PAK,Ground movement,USGS:usp000bj2e,PAK,6.3,2002/11/20,19.0,40.0,,140742.0,140782.0,0.0,33.0
2002-0757-GRC,Ground movement,USGS:usp000bjwy,GRC,5.7,2002/12/2,,17.0,,150.0,167.0,1.0,10.0
2002-0770-VUT,Ground movement,USGS:usp000bjhn,VUT,5.9,2002/11/27,,3.0,,500.0,503.0,0.0,33.0
2002-0804-IRN,Ground movement,USGS:usp000bmbe,IRN,5.2,2002/12/24,,15.0,,15000.0,15015.0,0.0,33.0
2002-0820-IDN,Ground movement,USGS:usp000bcqu,IDN,6.4,2002/9/20,,,,155.0,155.0,0.0,10.0
2002-0821-IRN,Ground movement,USGS:usp000bd44,IRN,5.6,2002/9/25,,5.0,,,5.0,0.0,10.0
2002-0822-IDN,Ground movement,USGS:usp000bfuz,IDN,7.4,2002/11/2,3.0,60.0,,,60.0,0.0,30.0
2002-0835-CHN,Ground movement,USGS:usp000bkpm,CHN,5.6,2002/12/14,2.0,,,65500.0,65500.0,0.0,22.0
2002-0882-ITA,Ground movement,USGS:usp000bbb2,ITA,6.0,2002/9/6,2.0,,,,,1.0,5.0
2003-0039-MEX,Ground movement,USGS:usp000bnyr,MEX,7.6,2003/1/22,29.0,1073.0,,177530.0,178603.0,0.0,24.0
2003-0050-TUR,Ground movement,USGS:usp000bpa1,TUR,6.1,2003/1/27,1.0,2.0,,,2.0,0.0,10.0
2003-0068-IRN,Ground movement,USGS:usp000bndp,IRN,5.2,2003/1/11,,80.0,3250.0,6750.0,10080.0,0.0,33.0
2003-0069-IDN,Ground movement,USGS:usp000bp0u,IDN,5.5,2003/1/23,,2.0,,2500.0,2502.0,0.0,33.0
2003-0105-CHN,Ground movement,USGS:usp000brbp,CHN,6.3,2003/2/24,268.0,4000.0,3000.0,510000.0,517000.0,0.0,11.0
2003-0183-CHN,Ground movement,USGS:usp000bvbg,CHN,6.4,2003/4/17,,,,3300.0,3300.0,0.0,14.0
2003-0184-ITA,Ground movement,USGS:usp000buxn,ITA,5.0,2003/4/11,,2.0,,230.0,232.0,1.0,4.0
2003-0197-TUR,Ground movement,USGS:usp000bwbc,TUR,6.4,2003/5/1,177.0,520.0,45000.0,245000.0,290520.0,0.0,10.0
2003-0209-CHN,Ground movement,USGS:usp000bwm1,CHN,5.8,2003/5/4,1.0,3.0,8000.0,,8003.0,0.0,10.0
2003-0236-AFG,Ground movement,USGS:usp000buvh,AFG,4.6,2003/4/10,1.0,1.0,1000.0,,1001.0,0.0,33.0
2003-0245-DZA,Ground movement,USGS:usp000bxpg,DZA,6.8,2003/5/21,2266.0,10261.0,200000.0,,210261.0,0.0,12.0
2003-0249-JPN,Ground movement,USGS:usp000by66,JPN,7.0,2003/5/26,,143.0,,2160.0,2303.0,1.0,68.0
2003-0254-IDN,Ground movement,USGS:usp000by7n,IDN,7.0,2003/5/27,1.0,7.0,140.0,100.0,247.0,0.0,31.0
2003-0255-DZA,Ground movement,USGS:usp000byae,DZA,5.8,2003/5/27,9.0,200.0,,,200.0,0.0,8.0
2003-0259-KAZ,Ground movement,USGS:usp000bxvn,KAZ,5.5,2003/5/23,3.0,626.0,,36000.0,36626.0,0.0,33.0
2003-0322-IRN,Ground movement,USGS:usp000c1jh,IRN,5.2,2003/7/3,,1.0,,1090.0,1091.0,0.0,40.8
2003-0348-CHN,Ground movement,USGS:usp000c30u,CHN,6.0,2003/7/21,16.0,584.0,45000.0,1250000.0,1295584.0,0.0,10.0
2003-0354-JPN,Ground movement,USGS:usp000c3ay,JPN,5.5,2003/7/25,,569.0,219.0,17403.0,18191.0,1.0,10.0
2003-0400-GRC,Ground movement,USGS:usp000c4tt,GRC,6.3,2003/8/14,,50.0,,,50.0,1.0,10.0
2003-0402-CHN,Ground movement,USGS:usp000c534,CHN,5.4,2003/8/16,4.0,1000.0,39500.0,415000.0,455500.0,0.0,24.4
2003-0411-PAN,Ground movement,USGS:usp000c4rd,PAN,5.4,2003/8/13,,,340.0,,340.0,0.0,54.1
2003-0414-IDN,Ground movement,USGS:usp000c4kv,IDN,6.0,2003/8/11,,,,500.0,500.0,0.0,10.0
2003-0438-IRN,Ground movement,USGS:usp000c251,IRN,5.8,2003/7/10,1.0,25.0,17500.0,,17525.0,0.0,10.0
2003-0452-BGD,Ground movement,USGS:usp000c3ex,BGD,5.7,2003/7/26,2.0,25.0,,2500.0,2525.0,0.0,10.0
2003-0476-JPN,Ground movement,USGS:usp000c8mb,JPN,7.4,2003/9/25,2.0,773.0,,,773.0,1.0,33.0
2003-0477-DOM,Ground movement,USGS:usp000c89d,DOM,6.4,2003/9/22,3.0,15.0,,2000.0,2015.0,0.0,10.0
2003-0497-RUS,Ground movement,USGS:usp000c8sz,RUS,7.3,2003/9/27,3.0,5.0,1800.0,,1805.0,0.0,16.0
2003-0509-CHN,Ground movement,USGS:usp000cagn,CHN,5.6,2003/10/16,3.0,56.0,,60000.0,60056.0,0.0,33.0
2003-0519-CHN,Ground movement,USGS:usp000cb84,CHN,5.8,2003/10/25,9.0,43.0,225000.0,50000.0,275043.0,0.0,10.0
2003-0546-CHN,Ground movement,USGS:usp000ccrh,CHN,5.1,2003/11/13,1.0,126.0,5000.0,18243.0,23369.0,0.0,10.0
2003-0547-CHN,Ground movement,USGS:usp000ccvr,CHN,5.6,2003/11/14,4.0,65.0,3000.0,490000.0,493065.0,0.0,33.0
2003-0582-CHN,Ground movement,USGS:usp000ce8k,CHN,6.0,2003/12/1,11.0,73.0,2435.0,3510.0,6018.0,0.0,10.0
2003-0596-CHN,Ground movement,USGS:usp000cdxz,CHN,4.7,2003/11/26,,4.0,,10000.0,10004.0,0.0,33.0
2003-0623-USA,Ground movement,,USA,6.5,2003/12/22,2.0,40.0,120.0,,160.0,1.0,
2003-0628-CRI,Ground movement,USGS:usp000cfzw,CRI,6.5,2003/12/25,2.0,75.0,,60.0,135.0,0.0,33.0
2003-0628-PAN,Ground movement,USGS:usp000cfzw,PAN,6.5,2003/12/25,2.0,75.0,,1000.0,1075.0,0.0,33.0
2003-0630-IRN,Ground movement,USGS:usp000cg2d,IRN,6.6,2003/12/26,26796.0,22628.0,45000.0,200000.0,267628.0,0.0,10.0
2003-0648-TUR,Ground movement,USGS:usp000c3c6,TUR,4.5,2003/7/26,,,,240.0,240.0,0.0,10.0
2003-0649-IRN,Ground movement,USGS:usp000cf1c,IRN,5.0,2003/12/11,,5.0,10.0,710.0,725.0,0.0,33.0
2003-0783-TUR,Ground movement,USGS:usp000buu9,TUR,5.8,2003/4/10,,170.0,,,170.0,0.0,10.0
2004-0001-IDN,Ground movement,USGS:usp000cgss,IDN,5.8,2004/1/1,1.0,40.0,,30000.0,30040.0,0.0,44.5
2004-0011-DZA,Ground movement,USGS:usp000chm5,DZA,4.5,2004/1/10,,300.0,,,300.0,0.0,10.0
2004-0040-IDN,Ground movement,USGS:usp000ckg7,IDN,7.0,2004/2/5,37.0,682.0,,13390.0,14072.0,0.0,16.6
2004-0054-PAK,Ground movement,USGS:usp000cm59,PAK,5.5,2004/2/14,24.0,63.0,2320.0,10765.0,13148.0,0.0,11.0
2004-0073-MAR,Ground movement,USGS:usp000cmxe,MAR,6.4,2004/2/24,628.0,926.0,12539.0,,13465.0,0.0,0.0
2004-0088-IDN,Ground movement,USGS:usp000cmbk,IDN,5.1,2004/2/16,5.0,7.0,,500.0,507.0,0.0,55.8
2004-0126-CHN,Ground movement,USGS:usp000cqr9,CHN,5.5,2004/3/24,,100.0,,190000.0,190100.0,0.0,18.8
2004-0127-TUR,Ground movement,USGS:usp000cqvt,TUR,5.6,2004/3/25,9.0,30.0,,4000.0,4030.0,0.0,10.0
2004-0132-TUR,Ground movement,USGS:usp000cr2z,TUR,5.6,2004/3/28,,30.0,,32500.0,32530.0,0.0,5.0
2004-0147-TJK,Ground movement,USGS:usp000cy53,TJK,4.3,2004/4/1,,,,180.0,180.0,0.0,35.0
2004-0234-IRN,Ground movement,USGS:usp000cwf9,IRN,6.3,2004/5/28,35.0,278.0,,220.0,498.0,0.0,17.0
2004-0250-RUS,Ground movement,USGS:usp000cwkb,RUS,4.9,2004/5/31,,,,138.0,138.0,0.0,13.7
2004-0308-TUR,Ground movement,USGS:usp000czcr,TUR,5.1,2004/7/1,18.0,21.0,,335.0,356.0,0.0,5.0
2004-0406-CHN,Ground movement,USGS:usp000d1w5,CHN,5.4,2004/8/10,4.0,600.0,120000.0,,120600.0,0.0,6.3
2004-0426-COL,Ground movement,USGS:usp000d2cd,COL,5.1,2004/8/18,1.0,2.0,500.0,,502.0,0.0,26.5
2004-0436-AFG,Ground movement,USGS:usp000d0du,AFG,5.2,2004/7/18,2.0,40.0,1000.0,,1040.0,0.0,10.0
2004-0522-CHN,Ground movement,USGS:usp000d6mj,CHN,4.8,2004/10/18,,12.0,,100000.0,100012.0,0.0,30.2
2004-0532-JPN,Ground movement,USGS:usp000d6vk,JPN,6.6,2004/10/23,40.0,3183.0,,59000.0,62183.0,1.0,16.0
2004-0562-IDN,Ground movement,USGS:usp000d85g,IDN,7.5,2004/11/11,33.0,311.0,,83070.0,83381.0,0.0,10.0
2004-0571-CHN,Ground movement,USGS:usp000d3us,CHN,5.2,2004/9/7,,19.0,3000.0,19000.0,22019.0,0.0,10.0
2004-0575-COL,Ground movement,USGS:usp000d8gx,COL,7.2,2004/11/15,,20.0,,8016.0,8036.0,0.0,15.0
2004-0582-DMA,Ground movement,USGS:usp000d8w3,DMA,6.3,2004/11/21,,,,100.0,100.0,0.0,14.0
2004-0582-GLP,Ground movement,USGS:usp000d8w3,GLP,6.3,2004/11/21,1.0,13.0,40.0,100.0,153.0,,14.0
2004-0599-CRI,Ground movement,USGS:usp000d8tf,CRI,6.4,2004/11/20,8.0,,25.0,255.0,280.0,0.0,16.0
2004-0607-IDN,Ground movement,USGS:usp000d975,IDN,7.1,2004/11/26,32.0,213.0,,12620.0,12833.0,0.0,10.0
2004-0620-DZA,Ground movement,USGS:usp000d9r7,DZA,4.5,2004/12/1,,15.0,,,15.0,0.0,10.0
2004-0659-BGD,Tsunami,,BGD,9.1,2004/12/26,2.0,,,,,0.0,
2004-0659-IDN,Tsunami,,IDN,9.1,2004/12/26,165708.0,,532898.0,,532898.0,0.0,
2004-0659-IND,Tsunami,,IND,9.1,2004/12/26,16389.0,6913.0,,647599.0,654512.0,0.0,
2004-0659-KEN,Tsunami,,KEN,9.1,2004/12/26,1.0,,,,,0.0,
2004-0659-LKA,Tsunami,,LKA,9.1,2004/12/26,35399.0,23176.0,480000.0,516130.0,1019306.0,0.0,
2004-0659-MDV,Tsunami,,MDV,9.1,2004/12/26,102.0,2214.0,13000.0,12000.0,27214.0,0.0,
2004-0659-MMR,Tsunami,,MMR,9.1,2004/12/26,71.0,,3200.0,12500.0,15700.0,0.0,
2004-0659-MYS,Tsunami,,MYS,9.1,2004/12/26,80.0,767.0,4296.0,,5063.0,0.0,
2004-0659-SOM,Tsunami,,SOM,9.1,2004/12/26,298.0,283.0,,104800.0,105083.0,0.0,
2004-0659-SYC,Tsunami,,SYC,9.1,2004/12/26,3.0,,70.0,4760.0,4830.0,0.0,
2004-0659-THA,Tsunami,,THA,9.1,2004/12/26,8345.0,8457.0,,58550.0,67007.0,0.0,
2004-0659-TZA,Tsunami,,TZA,9.1,2004/12/26,10.0,,,,,0.0,
2004-0669-DEU,Ground movement,USGS:usp000da1z,DEU,4.8,2004/12/5,,,,150.0,150.0,1.0,10.0
2004-0670-SVN,Ground movement,USGS:usp000d00p,SVN,5.2,2004/7/12,1.0,5.0,,600.0,605.0,1.0,7.7
2004-0671-BDI,Ground movement,USGS:usp000cmxd,BDI,4.7,2004/2/24,3.0,,120.0,,120.0,0.0,10.0
2004-0680-CHN,Ground movement,USGS:usp000cu4k,CHN,5.5,2004/5/4,,,4199.0,,4199.0,0.0,13.5
2005-0016-IRN,Ground movement,USGS:usp000dd01,IRN,5.4,2005/1/10,,110.0,,,110.0,0.0,31.9
2005-0031-IDN,Ground movement,USGS:usp000de4m,IDN,6.3,2005/1/23,1.0,4.0,,680.0,684.0,0.0,11.0
2005-0070-TUR,Ground movement,USGS:usp000debc,TUR,5.9,2005/1/25,2.0,22.0,,400.0,422.0,0.0,41.2
2005-0092-IRN,Ground movement,USGS:usp000dgpx,IRN,6.4,2005/2/22,612.0,1411.0,,93355.0,94766.0,0.0,14.0
2005-0126-TUR,Ground movement,USGS:usp000dj5f,TUR,5.8,2005/3/14,,18.0,,2250.0,2268.0,0.0,5.0
2005-0129-JPN,Ground movement,USGS:usp000djku,JPN,6.6,2005/3/20,1.0,735.0,,2800.0,3535.0,1.0,10.0
2005-0132-ZAF,Ground movement,USGS:usp000dhva,ZAF,5.0,2005/3/9,2.0,58.0,,,58.0,0.0,5.0
2005-0160-IDN,Ground movement,,IDN,8.6,2005/3/28,915.0,1146.0,,104167.0,105313.0,0.0,
2005-0211-JPN,Ground movement,USGS:usp000dnsk,JPN,5.5,2005/4/19,,58.0,,837.0,895.0,1.0,18.7
2005-0240-SLV,Ground movement,USGS:usp000dpwb,SLV,4.8,2005/5/5,1.0,1.0,,750.0,751.0,0.0,52.7
2005-0321-CHL,Ground movement,USGS:usp000dsw1,CHL,7.8,2005/6/13,11.0,182.0,,27463.0,27645.0,0.0,115.6
2005-0321-PER,Ground movement,USGS:usp000dsw1,PER,7.8,2005/6/13,,,,,,0.0,115.6
2005-0328-PNG,Ground movement,USGS:usp000ds6y,PNG,6.1,2005/6/4,1.0,,200.0,,200.0,0.0,26.0
2005-0329-TUR,Ground movement,USGS:usp000dsbj,TUR,5.6,2005/6/6,,54.0,,300.0,354.0,0.0,10.0
2005-0558-PER,Ground movement,USGS:usp000e09h,PER,7.5,2005/9/26,5.0,59.0,,2446.0,2505.0,0.0,115.0
2005-0575-AFG,Ground movement,USGS:usp000e12e,AFG,7.6,2005/10/8,1.0,,,,,0.0,26.0
2005-0575-IND,Ground movement,USGS:usp000e12e,IND,7.6,2005/10/8,1309.0,6622.0,150000.0,,156622.0,0.0,26.0
2005-0575-PAK,Ground movement,USGS:usp000e12e,PAK,7.6,2005/10/8,73338.0,128309.0,5000000.0,,5128309.0,0.0,26.0
2005-0651-CHN,Ground movement,USGS:usp000e4wu,CHN,5.2,2005/11/26,16.0,8000.0,,607500.0,615500.0,0.0,11.1
2005-0654-IRN,Ground movement,USGS:usp000e501,IRN,5.9,2005/11/27,13.0,100.0,,,100.0,0.0,10.0
2005-0671-COD,Ground movement,USGS:usp000e5jx,COD,6.8,2005/12/5,6.0,5.0,1500.0,,1505.0,0.0,22.0
2005-0671-TZA,Ground movement,USGS:usp000e5jx,TZA,6.8,2005/12/5,2.0,,,5000.0,5000.0,0.0,22.0
2005-0686-AFG,Ground movement,USGS:usp000e61s,AFG,6.5,2005/12/13,5.0,1.0,,500.0,501.0,0.0,224.6
2005-0738-IRN,Ground movement,USGS:usp000dj38,IRN,6.0,2005/3/13,,,,21912.0,21912.0,0.0,54.0
2005-0740-CHN,Ground movement,USGS:usp000dwrc,CHN,5.2,2005/8/5,,9.0,,18500.0,18509.0,0.0,42.4
2006-0061-CHN,Ground movement,USGS:usp000e82j,CHN,4.6,2006/1/12,,1.0,68760.0,,68761.0,0.0,32.8
2006-0100-MOZ,Ground movement,USGS:usp000eamh,MOZ,7.0,2006/2/22,4.0,36.0,1440.0,,1476.0,0.0,11.0
2006-0123-IRN,Ground movement,USGS:usp000eb19,IRN,6.0,2006/2/28,,6.0,,7000.0,7006.0,0.0,18.0
2006-0148-BGR,Ground movement,USGS:usp000eaez,BGR,4.6,2006/2/20,,2.0,,525.0,527.0,0.0,10.0
2006-0149-DZA,Ground movement,USGS:usp000ecjv,DZA,5.2,2006/3/20,4.0,9.0,150.0,160.0,319.0,0.0,10.0
2006-0153-IRN,Ground movement,USGS:usp000edad,IRN,6.1,2006/3/31,63.0,1418.0,,160000.0,161418.0,0.0,7.0
2006-0214-RUS,Ground movement,USGS:usp000ef1h,RUS,7.6,2006/4/20,,40.0,,12000.0,12040.0,0.0,22.0
2006-0231-IDN,Tsunami,USGS:usp000ec4d,IDN,6.7,2006/3/14,3.0,2.0,,1200.0,1202.0,0.0,30.1
2006-0239-IRN,Ground movement,USGS:usp000egfm,IRN,5.0,2006/5/7,,70.0,,,70.0,0.0,14.1
2006-0279-IDN,Ground movement,USGS:usp000ej1c,IDN,6.3,2006/5/26,5778.0,137883.0,699295.0,2340745.0,3177923.0,0.0,12.5
2006-0372-IDN,Tsunami,USGS:usp000ensm,IDN,7.7,2006/7/17,802.0,543.0,,35000.0,35543.0,0.0,20.0
2006-0397-CHN,Ground movement,USGS:usp000ep9q,CHN,4.9,2006/7/22,22.0,106.0,75000.0,190000.0,265106.0,0.0,55.6
2006-0405-AFG,Ground movement,USGS:usp000epsz,AFG,5.6,2006/7/29,1.0,,195.0,740.0,935.0,0.0,34.2
2006-0405-TJK,Ground movement,USGS:usp000epsz,TJK,5.6,2006/7/29,3.0,19.0,,15408.0,15427.0,0.0,34.2
2006-0464-CHN,Ground movement,USGS:usp000ekvx,CHN,4.9,2006/6/20,,5.0,,125.0,130.0,0.0,24.2
2006-0475-CHN,Ground movement,USGS:usp000erq0,CHN,5.0,2006/8/25,1.0,31.0,,45520.0,45551.0,0.0,21.8
2006-0586-CHN,Ground movement,USGS:usp000ew4d,CHN,4.5,2006/10/27,,,,20000.0,20000.0,0.0,10.0
2006-0620-CHN,Ground movement,USGS:usp000ewhk,CHN,4.7,2006/11/3,,,,12000.0,12000.0,0.0,10.0
2006-0678-IDN,Ground movement,USGS:usp000f0er,IDN,5.8,2006/12/17,8.0,200.0,,1000.0,1200.0,0.0,30.0
2006-0688-TWN,Ground movement,USGS:usp000f114,TWN,7.1,2006/12/26,2.0,42.0,,,42.0,,10.0
2006-0694-KGZ,Ground movement,USGS:usp000f0zk,KGZ,5.8,2006/12/26,,,50.0,12000.0,12050.0,0.0,11.6
2006-0699-SLV,Ground movement,USGS:usp000f0mk,SLV,4.1,2006/12/17,,,,16470.0,16470.0,0.0,10.0
2006-0704-USA,Ground movement,USGS:usp000ev94,USA,6.7,2006/10/15,,10.0,,3519.0,3529.0,1.0,38.182
2006-0705-IDN,Ground movement,USGS:usp000ez9y,IDN,6.3,2006/12/1,1.0,14.0,100.0,,114.0,0.0,19.0
2007-0087-IDN,Ground movement,GLIDE:EQ-2007-000033|USGS:usp000f660,IDN,6.3,2007/3/6,67.0,826.0,,136834.0,137660.0,0.0,11.0
2007-0101-JPN,Ground movement,GLIDE:EQ-2007-000039|USGS:usp000f7b5,JPN,6.7,2007/3/25,1.0,359.0,40668.0,,41027.0,1.0,8.0
2007-0127-SLB,Tsunami,USGS:usp000f83m,SLB,8.1,2007/4/1,52.0,9.0,,2375.0,2384.0,0.0,24.0
2007-0158-CHL,Tsunami,USGS:usp000fa97,CHL,6.2,2007/4/21,10.0,,,,,0.0,36.7
2007-0217-CHN,Ground movement,GLIDE:EQ-2007-000074|USGS:usp000fd8a,CHN,6.1,2007/6/2,3.0,329.0,,,329.0,0.0,5.0
2007-0258-JPN,Ground movement,GLIDE:EQ-2007-000102|USGS:usp000fg9t,JPN,6.6,2007/7/16,9.0,1000.0,,13000.0,14000.0,1.0,12.0
2007-0287-TJK,Ground movement,GLIDE:EQ-2007-000108|USGS:usp000fgtx,TJK,5.2,2007/7/21,11.0,3.0,,7000.0,7003.0,0.0,10.0
2007-0334-RUS,Ground movement,GLIDE:EQ-2007-000119|USGS:usp000fhn0,RUS,6.2,2007/8/2,2.0,12.0,,25000.0,25012.0,0.0,5.0
2007-0362-PER,Ground movement,GLIDE:EQ-2007-000133|USGS:usp000fjta,PER,8.0,2007/8/15,593.0,1366.0,,656965.0,658331.0,0.0,39.0
2007-0433-COL,Ground movement,USGS:usp000fmtk,COL,6.8,2007/9/10,,5.0,,170.0,175.0,0.0,15.0
2007-0440-IDN,Ground movement,GLIDE:EQ-2007-000157,IDN,8.4,2007/9/12,25.0,82.0,36800.0,422685.0,459567.0,0.0,
2007-0461-HND,Ground movement,GLIDE:EQ-2007-000166|USGS:usp000fnc9,HND,5.3,2007/9/15,,18.0,1865.0,,1883.0,0.0,32.8
2007-0485-IDN,Ground movement,USGS:usp000fmst,IDN,4.9,2007/9/9,,19.0,,450.0,469.0,0.0,35.0
2007-0565-IDN,Ground movement,GLIDE:EQ-2007-000218|USGS:usp000ft98,IDN,6.5,2007/11/25,3.0,1800.0,,20000.0,21800.0,0.0,20.0
2007-0572-BRB,Ground movement,GLIDE:EQ-2007-000218|USGS:usp000ftj1,BRB,7.4,2007/11/29,,1.0,,,1.0,0.0,156.0
2007-0572-LCA,Ground movement,GLIDE:EQ-2007-000218|USGS:usp000ftj1,LCA,7.4,2007/11/29,,,,,,0.0,156.0
2007-0572-MTQ,Ground movement,GLIDE:EQ-2007-000218|USGS:usp000ftj1,MTQ,7.4,2007/11/29,1.0,100.0,,,100.0,,156.0
2007-0587-CHL,Ground movement,GLIDE:EQ-2007-000207|USGS:usp000fshy,CHL,7.7,2007/11/14,2.0,155.0,,25000.0,25155.0,0.0,40.0
2007-0653-BRA,Ground movement,USGS:usp000fu34,BRA,4.9,2007/12/9,1.0,6.0,,280.0,286.0,0.0,10.0
2007-0654-JPN,Ground movement,USGS:usp000f9rr,JPN,5.1,2007/4/15,,12.0,,189.0,201.0,1.0,15.7
2007-0692-GBR,Ground movement,USGS:usp000fase,GBR,4.6,2007/4/28,,1.0,,4500.0,4501.0,1.0,10.0
2008-0001-KGZ,Ground movement,GLIDE:EQ-2008-000002|USGS:usp000fvrz,KGZ,5.6,2008/1/13,,,,3000.0,3000.0,0.0,6.0
2008-0040-COD,Ground movement,GLIDE:EQ-2008-000017|USGS:usp000fy21,COD,5.9,2008/2/3,11.0,,,17355.0,17355.0,0.0,10.0
2008-0040-RWA,Ground movement,GLIDE:EQ-2008-000017|USGS:usp000fy21,RWA,5.9,2008/2/3,36.0,643.0,,,643.0,0.0,10.0
2008-0071-IDN,Ground movement,GLIDE:EQ-2008-000028|USGS:usp000fzau,IDN,7.4,2008/2/20,3.0,25.0,,,25.0,0.0,26.0
2008-0099-USA,Ground movement,USGS:nn00234425,USA,5.9,2008/2/21,,3.0,,2100.0,2103.0,1.0,7.9
2008-0178-IRN,Ground movement,USGS:usp000g57j,IRN,4.5,2008/5/1,,170.0,,,170.0,0.0,16.0
2008-0192-CHN,Ground movement,GLIDE:EQ-2008-000062|USGS:usp000g650,CHN,7.9,2008/5/12,87476.0,366596.0,,45610000.0,45976596.0,0.0,19.0
2008-0226-GRC,Ground movement,USGS:usp000g8vs,GRC,6.4,2008/6/8,2.0,240.0,,3468.0,3708.0,1.0,16.0
2008-0242-JPN,Ground movement,GLIDE:EQ-2008-000087|USGS:usp000g9h6,JPN,6.9,2008/6/13,23.0,448.0,,,448.0,1.0,7.8
2008-0275-JPN,Ground movement,GLIDE:EQ-2008-000115|USGS:usp000gczp,JPN,6.8,2008/7/23,1.0,200.0,,270.0,470.0,1.0,108.0
2008-0325-CHN,Ground movement,USGS:usp000gdw4,CHN,6.0,2008/8/5,4.0,29.0,13500.0,,13529.0,0.0,6.0
2008-0355-CHN,Ground movement,USGS:usp000gf5p,CHN,6.0,2008/8/21,6.0,160.0,,,160.0,0.0,10.0
2008-0374-CHN,Ground movement,GLIDE:EQ-2008-000149|USGS:usp000gg00,CHN,6.0,2008/8/30,40.0,589.0,50000.0,950000.0,1000589.0,0.0,11.0
2008-0401-IRN,Ground movement,USGS:usp000ggsg,IRN,6.1,2008/9/10,6.0,45.0,,20500.0,20545.0,0.0,12.0
2008-0403-IDN,Ground movement,USGS:usp000ggpt,IDN,5.2,2008/9/9,2.0,60.0,,565.0,625.0,0.0,25.2
2008-0454-KGZ,Ground movement,GLIDE:EQ-2008-000181|USGS:usp000gjd4,KGZ,6.7,2008/10/5,74.0,142.0,1055.0,,1197.0,0.0,27.4
2008-0455-CHN,Ground movement,USGS:usp000gjgt,CHN,6.3,2008/10/6,30.0,19.0,735.0,,754.0,0.0,12.0
2008-0476-RUS,Ground movement,USGS:usp000gjy6,RUS,5.8,2008/10/11,13.0,100.0,,5135.0,5235.0,0.0,16.0
2008-0500-PAK,Ground movement,GLIDE:EQ-2008-000206|USGS:usp000gm8g,PAK,6.4,2008/10/28,166.0,320.0,,75000.0,75320.0,0.0,15.0
2008-0536-IDN,Ground movement,USGS:usp000gnur,IDN,7.4,2008/11/16,6.0,77.0,,10000.0,10077.0,0.0,30.0
2008-0588-CHN,Ground movement,USGS:usp000grfr,CHN,4.8,2008/12/25,,19.0,150.0,27000.0,27169.0,0.0,35.0
2008-0649-COL,Ground movement,USGS:usp000g7p6,COL,5.9,2008/5/24,11.0,54.0,1700.0,,1754.0,0.0,8.9
2008-0650-CHN,Ground movement,USGS:usp000g7r4,CHN,6.1,2008/5/25,8.0,1000.0,350000.0,,351000.0,0.0,18.0
2009-0001-IDN,Ground movement,USGS:usp000gs2d,IDN,7.7,2009/1/3,5.0,250.0,,4000.0,4250.0,0.0,17.0
2009-0002-CRI,Ground movement,GLIDE:EQ-2009-000009|USGS:usp000gscg,CRI,6.1,2009/1/8,31.0,91.0,,128527.0,128618.0,0.0,14.0
2009-0059-CHN,Ground movement,USGS:usp000gt2t,CHN,5.1,2009/1/25,,,,4549.0,4549.0,0.0,19.0
2009-0112-IDN,Ground movement,USGS:usp000gtnc,IDN,7.2,2009/2/11,,64.0,,2985.0,3049.0,0.0,20.0
2009-0136-ITA,Ground movement,GLIDE:EQ-2009-000072|USGS:usp000gvtu,ITA,6.3,2009/4/6,295.0,1000.0,55000.0,,56000.0,1.0,8.8
2009-0156-AFG,Ground movement,USGS:usp000gw84,AFG,5.2,2009/4/16,22.0,59.0,3250.0,,3309.0,0.0,5.9
2009-0205-HND,Ground movement,GLIDE:EQ-2009-000108|USGS:usp000gxkj,HND,7.3,2009/5/28,7.0,136.0,,50000.0,50136.0,0.0,19.0
2009-0249-CHN,Ground movement,GLIDE:EQ-2009-000130|USGS:usp000gz2j,CHN,5.7,2009/7/9,1.0,336.0,50000.0,15000.0,65336.0,0.0,7.0
2009-0320-JPN,Tsunami,USGS:usp000h05y,JPN,6.2,2009/8/10,1.0,319.0,,25000.0,25319.0,1.0,40.4
2009-0354-IDN,Ground movement,GLIDE:TS-2009-000173|USGS:usp000h152,IDN,7.0,2009/9/2,128.0,1442.0,,338350.0,339792.0,0.0,46.0
2009-0366-ALB,Ground movement,USGS:usp000h19n,ALB,5.5,2009/9/7,,,150.0,,150.0,0.0,3.0
2009-0388-GEO,Ground movement,GLIDE:EQ-2009-000191|USGS:usp000h1ar,GEO,6.0,2009/9/7,,6.0,,7300.0,7306.0,0.0,15.0
2009-0404-PHL,Ground movement,USGS:usp000h1mu,PHL,5.7,2009/9/18,,2.0,10.0,380.0,392.0,0.0,10.0
2009-0406-BTN,Ground movement,USGS:usp000h1r4,BTN,8.1,2009/9/21,11.0,12.0,,,12.0,0.0,14.0
2009-0420-ASM,Tsunami,GLIDE:TS-2009-000210|USGS:usp000h1ys,ASM,8.1,2009/9/29,34.0,,,2500.0,2500.0,,18.0
2009-0420-TON,Tsunami,GLIDE:TS-2009-000210|USGS:usp000h1ys,TON,8.1,2009/9/29,9.0,7.0,,500.0,507.0,0.0,18.0
2009-0420-WSM,Tsunami,GLIDE:TS-2009-000210|USGS:usp000h1ys,WSM,8.1,2009/9/29,148.0,310.0,,5274.0,5584.0,0.0,18.0
2009-0421-IDN,Ground movement,GLIDE:TS-2009-000211|USGS:usp000h237,IDN,6.6,2009/9/30,1195.0,1798.0,,2500000.0,2501798.0,0.0,81.0
2009-0479-IDN,Ground movement,USGS:usp000h3vc,IDN,7.6,2009/11/8,2.0,100.0,,1410.0,1510.0,0.0,18.0
2009-0493-IRN,Ground movement,USGS:usp000h3qd,IRN,5.0,2009/11/3,,269.0,,,269.0,0.0,14.1
2009-0547-MWI,Ground movement,GLIDE:EQ-2009-000257|USGS:usp000h4v7,MWI,5.9,2009/12/8,1.0,15.0,15000.0,,15015.0,0.0,8.0
2009-0573-MWI,Ground movement,USGS:usp000h56x,MWI,6.0,2009/12/20,3.0,171.0,5550.0,,5721.0,0.0,6.0
2010-0002-TJK,Ground movement,GLIDE:EQ-2010-000001,TJK,5.4,2010/1/2,,,1134.0,6706.0,7840.0,0.0,
2010-0003-SLB,Ground movement,USGS:usp000h5np,SLB,7.1,2010/1/3,,1.0,,1125.0,1126.0,0.0,10.0
2010-0017-HTI,Ground movement,GLIDE:EQ-2010-000009,HTI,7.0,2010/1/12,222570.0,300000.0,,3400000.0,3700000.0,0.0,
2010-0018-IRN,Ground movement,USGS:usp000h678,IRN,5.0,2010/1/16,,,,750.0,750.0,0.0,5.0
2010-0027-USA,Ground movement,USGS:usp000h5we,USA,6.5,2010/1/10,,30.0,,600.0,630.0,1.0,28.737
2010-0064-CHN,Ground movement,USGS:usp000h6t0,CHN,5.1,2010/1/30,1.0,15.0,500.0,10000.0,10515.0,0.0,10.0
2010-0087-CHN,Ground movement,USGS:usp000h7nu,CHN,5.2,2010/2/25,,11.0,,50000.0,50011.0,0.0,10.0
2010-0091-CHL,Tsunami,GLIDE:EQ-2010-000034,CHL,8.8,2010/2/27,562.0,10334.0,800000.0,1861222.0,2671556.0,0.0,
2010-0093-TUR,Ground movement,USGS:usp000h8x1,TUR,6.1,2010/3/8,51.0,100.0,,3500.0,3600.0,0.0,12.0
2010-0158-MEX,Ground movement,USGS:ci14607652,MEX,7.2,2010/4/4,2.0,232.0,,25000.0,25232.0,0.0,9.987
2010-0169-CHN,Ground movement,GLIDE:EQ-2010-000073|USGS:usp000hbbt,CHN,6.9,2010/4/14,2968.0,12000.0,100000.0,,112000.0,0.0,17.0
2010-0238-IDN,Ground movement,USGS:usp000he3f,IDN,7.0,2010/6/16,17.0,,4600.0,,4600.0,0.0,18.0
2010-0361-IRN,Ground movement,USGS:usp000hh5v,IRN,5.5,2010/7/30,,274.0,,,274.0,0.0,19.0
2010-0363-IRN,Ground movement,USGS:usp000hg74,IRN,5.8,2010/7/20,1.0,32.0,,,32.0,0.0,10.0
2010-0463-NZL,Ground movement,USGS:usp000hk46,NZL,7.0,2010/9/4,,2.0,,300000.0,300002.0,1.0,12.0
2010-0563-IDN,Tsunami,GLIDE:EQ-2010-000213|USGS:usp000hnj4,IDN,7.8,2010/10/25,530.0,412.0,,11452.0,11864.0,0.0,20.1
2010-0574-SRB,Ground movement,GLIDE:EQ-2010-000218,SRB,5.5,2010/11/3,2.0,120.0,1470.0,25440.0,27030.0,0.0,
2010-0591-IRN,Ground movement,USGS:usp000hp6h,IRN,4.9,2010/11/6,,104.0,,,104.0,0.0,5.0
2010-0645-IRN,Ground movement,USGS:usp000hr7k,IRN,6.7,2010/12/20,7.0,25.0,,,25.0,0.0,12.0
2010-0667-CHN,Ground movement,USGS:usp000h682,CHN,4.4,2010/1/17,8.0,9.0,,,9.0,0.0,26.6
2010-0668-TWN,Ground movement,USGS:usp000h8nd,TWN,6.3,2010/3/4,,96.0,,,96.0,,21.0
2010-0669-AFG,Ground movement,USGS:usp000hbmk,AFG,5.6,2010/4/18,11.0,70.0,1000.0,,1070.0,0.0,13.0
2010-0672-IRN,Ground movement,USGS:usp000hjuq,IRN,5.8,2010/8/27,3.0,100.0,3500.0,,3600.0,0.0,7.0
2010-0673-CHN,Ground movement,USGS:usp000hjw4,CHN,4.9,2010/8/29,,14.0,,5000.0,5014.0,0.0,35.0
2011-0030-CHN,Ground movement,USGS:usp000htxw,CHN,4.8,2011/2/1,,1.0,64500.0,,64501.0,0.0,31.1
2011-0068-NZL,Ground movement,GLIDE:EQ-2011-000024|USGS:usp000huvq,NZL,6.1,2011/2/22,181.0,1500.0,,300000.0,301500.0,1.0,5.9
2011-0079-CHN,Ground movement,USGS:usp000hvm3,CHN,5.5,2011/3/10,25.0,250.0,5190.0,,5440.0,0.0,10.0
2011-0082-IDN,Tsunami,,IDN,9.1,2011/3/11,1.0,,95.0,,95.0,0.0,
2011-0082-JPN,Tsunami,,JPN,9.1,2011/3/11,19846.0,5933.0,,362887.0,368820.0,1.0,
2011-0090-CHN,Ground movement,GLIDE:EQ-2011-000031|USGS:usp000hyfx,CHN,6.9,2011/3/24,,12.0,,9496.0,9508.0,0.0,8.0
2011-0090-MMR,Ground movement,GLIDE:EQ-2011-000031|USGS:usp000hyfx,MMR,6.9,2011/3/24,74.0,125.0,3152.0,18000.0,21277.0,0.0,8.0
2011-0090-THA,Ground movement,GLIDE:EQ-2011-000031|USGS:usp000hyfx,THA,6.9,2011/3/24,1.0,16.0,,,16.0,0.0,8.0
2011-0104-PAK,Ground movement,USGS:usp000htb4,PAK,7.2,2011/1/18,2.0,,,1000.0,1000.0,0.0,68.0
2011-0130-JPN,Ground movement,USGS:usp000hzf6,JPN,7.1,2011/4/7,2.0,132.0,,,132.0,1.0,42.0
2011-0159-ESP,Ground movement,USGS:usp000j1en,ESP,5.1,2011/5/11,10.0,300.0,15000.0,,15300.0,0.0,1.0
2011-0170-TUR,Ground movement,USGS:usp000j1up,TUR,5.8,2011/5/19,3.0,121.0,10000.0,,10121.0,0.0,7.0
2011-0243-KGZ,Ground movement,USGS:usp000j560,KGZ,6.1,2011/7/19,,,,,,0.0,20.0
2011-0243-TJK,Ground movement,USGS:usp000j560,TJK,6.1,2011/7/19,,,,,,0.0,20.0
2011-0243-UZB,Ground movement,USGS:usp000j560,UZB,6.1,2011/7/19,13.0,,,86.0,86.0,0.0,20.0
2011-0351-BTN,Ground movement,GLIDE:EQ-2011-000136|USGS:usp000j88b,BTN,6.9,2011/9/18,1.0,16.0,,20000.0,20016.0,0.0,50.0
2011-0351-CHN,Ground movement,GLIDE:EQ-2011-000136|USGS:usp000j88b,CHN,6.9,2011/9/18,7.0,136.0,5000.0,,5136.0,0.0,50.0
2011-0351-IND,Ground movement,GLIDE:EQ-2011-000136|USGS:usp000j88b,IND,6.9,2011/9/18,112.0,200.0,75000.0,500000.0,575200.0,0.0,50.0
2011-0351-NPL,Ground movement,GLIDE:EQ-2011-000136|USGS:usp000j88b,NPL,6.9,2011/9/18,7.0,89.0,,167860.0,167949.0,0.0,50.0
2011-0373-GTM,Ground movement,USGS:usp000j89y,GTM,5.6,2011/9/19,3.0,,,400.0,400.0,0.0,9.0
2011-0387-CHN,Ground movement,USGS:usp000j2v0,CHN,5.1,2011/6/8,,8.0,,250.0,258.0,0.0,21.1
2011-0388-NZL,Ground movement,USGS:usp000j33b,NZL,5.9,2011/6/13,1.0,45.0,300.0,,345.0,1.0,6.1
2011-0389-IDN,Ground movement,USGS:usp000j7nn,IDN,6.7,2011/9/5,10.0,,,,,0.0,91.0
2011-0397-TUR,Ground movement,GLIDE:EQ-2011-000162|USGS:usp000j9rr,TUR,7.1,2011/10/23,604.0,4152.0,22000.0,6786.0,32938.0,0.0,18.0
2011-0411-CHN,Ground movement,USGS:usp000ja68,CHN,5.6,2011/11/1,,,,143000.0,143000.0,0.0,28.0
2011-0443-PER,Ground movement,USGS:usp000ja1p,PER,6.9,2011/10/28,1.0,106.0,1705.0,870.0,2681.0,0.0,24.0
2011-0445-PHL,Ground movement,USGS:usp000jagw,PHL,4.9,2011/11/7,,3.0,,25.0,28.0,0.0,45.9
2011-0467-TUR,Ground movement,USGS:usp000jamz,TUR,5.6,2011/11/9,40.0,30.0,75.0,,105.0,0.0,5.0
2011-0512-MEX,Ground movement,USGS:usp000jc1y,MEX,6.5,2011/12/11,2.0,2.0,,150.0,152.0,0.0,59.0
2011-0601-CHN,Ground movement,USGS:usp000j6a4,CHN,5.6,2011/8/11,,26.0,735.0,855.0,1616.0,0.0,10.0
2012-0020-PER,Ground movement,USGS:usp000je5n,PER,6.4,2012/1/30,,145.0,1385.0,2905.0,4435.0,0.0,43.0
2012-0031-PHL,Ground movement,GLIDE:EQ-2012-000018|USGS:usp000jejw,PHL,6.7,2012/2/6,113.0,112.0,,320165.0,320277.0,0.0,11.0
2012-0097-IDN,Ground movement,,IDN,8.6,2012/4/11,7.0,107.0,,,107.0,0.0,
2012-0124-MEX,Ground movement,USGS:usp000jghj,MEX,7.4,2012/3/20,2.0,11.0,4000.0,45000.0,49011.0,0.0,20.0
2012-0126-CHL,Ground movement,USGS:usp000jgsw,CHL,7.1,2012/3/25,1.0,14.0,,24283.0,24297.0,0.0,40.7
2012-0142-ITA,Ground movement,USGS:usp000jkn8,ITA,6.0,2012/5/20,7.0,50.0,,11000.0,11050.0,1.0,6.3
2012-0151-TJK,Ground movement,GLIDE:EQ-2012-000082|USGS:usp000jkc4,TJK,5.7,2012/5/13,2.0,,,2531.0,2531.0,0.0,10.0
2012-0152-BGR,Ground movement,GLIDE:EQ-2012-000086|USGS:usp000jkrw,BGR,5.6,2012/5/22,,70.0,,140.0,210.0,0.0,10.0
2012-0162-ITA,Ground movement,GLIDE:EQ-2012-000090|USGS:usp000jm2n,ITA,5.8,2012/5/29,17.0,350.0,14000.0,,14350.0,1.0,10.2
2012-0164-AFG,Ground movement,USGS:usp000jmmc,AFG,5.7,2012/6/11,75.0,13.0,570.0,2965.0,3548.0,0.0,16.0
2012-0190-CHN,Ground movement,USGS:usp000jn65,CHN,5.5,2012/6/24,4.0,394.0,,33840.0,34234.0,0.0,10.0
2012-0191-AZE,Ground movement,USGS:usp000jk44,AZE,5.6,2012/5/7,,50.0,,15500.0,15550.0,0.0,11.0
2012-0275-IRN,Ground movement,GLIDE:EQ-2012-000136|USGS:usp000jq5p,IRN,6.4,2012/8/11,306.0,2006.0,,59540.0,61546.0,0.0,11.0
2012-0321-PHL,Ground movement,USGS:usp000jrky,PHL,5.7,2012/9/4,,1.0,,4000.0,4001.0,0.0,10.0
2012-0338-CHN,Ground movement,USGS:usp000jncx,CHN,6.3,2012/6/29,,52.0,,155000.0,155052.0,0.0,18.0
2012-0343-CRI,Ground movement,GLIDE:EQ-2012-000160|USGS:usp000jrsw,CRI,7.6,2012/9/5,2.0,225.0,,537.0,762.0,0.0,35.0
2012-0350-CHN,Ground movement,USGS:usp000jrwu,CHN,5.5,2012/9/7,81.0,821.0,,744000.0,744821.0,0.0,10.0
2012-0397-CHN,Ground movement,USGS:usp000jp7n,CHN,4.9,2012/7/20,1.0,2.0,78.0,2530.0,2610.0,0.0,10.0
2012-0398-IDN,Ground movement,USGS:usp000jqf3,IDN,6.3,2012/8/18,6.0,43.0,2355.0,5485.0,7883.0,0.0,10.0
2012-0407-GTM,Ground movement,USGS:usp000jv5f,GTM,7.4,2012/11/7,44.0,178.0,,1321564.0,1321742.0,0.0,24.0
2012-0417-MMR,Ground movement,GLIDE:EQ-2012-000190|USGS:usp000jvbq,MMR,6.8,2012/11/11,38.0,231.0,,1255.0,1486.0,0.0,13.7
2012-0431-PHL,Ground movement,USGS:usp000jr83,PHL,7.6,2012/8/31,1.0,10.0,,28869.0,28879.0,0.0,28.0
2012-0502-IRN,Ground movement,USGS:usp000jwga,IRN,5.8,2012/12/5,6.0,23.0,,5500.0,5523.0,0.0,14.4
2012-0536-CHN,Ground movement,USGS:usp000jwm5,CHN,5.3,2012/12/7,,,,5500.0,5500.0,0.0,10.0
2012-0545-AZE,Ground movement,USGS:usp000jkjw,AZE,5.1,2012/5/18,,,6949.0,,6949.0,0.0,18.1
2012-0597-IRN,Ground movement,USGS:usp000jdqd,IRN,5.1,2012/1/19,,238.0,,,238.0,0.0,8.3
2012-0604-CHN,Ground movement,USGS:usp000jfyz,CHN,5.9,2012/3/9,,36641.0,,,36641.0,0.0,38.0
2013-0020-IDN,Ground movement,USGS:usb000esgn,IDN,6.1,2013/1/22,1.0,15.0,,500.0,515.0,0.0,12.0
2013-0029-SLB,Tsunami,GLIDE:TS-2013-000015|USGS:usc000f1s0,SLB,8.0,2013/2/6,10.0,,,3329.0,3329.0,0.0,24.0
2013-0058-COL,Ground movement,USGS:usc000f4ij,COL,6.9,2013/2/9,,15.0,500.0,9500.0,10015.0,0.0,145.0
2013-0081-CHN,Ground movement,USGS:usc000fff5,CHN,5.2,2013/3/3,,30.0,10540.0,417170.0,427740.0,0.0,8.0
2013-0098-IRN,Ground movement,USGS:usb000g2y5,IRN,6.4,2013/4/9,37.0,850.0,,3500.0,4350.0,0.0,12.0
2013-0099-IRN,Ground movement,USGS:usb000g7x7,IRN,7.7,2013/4/16,,27.0,,,27.0,0.0,80.0
2013-0099-PAK,Ground movement,USGS:usb000g7x7,PAK,7.7,2013/4/16,41.0,175.0,,15000.0,15175.0,0.0,80.0
2013-0116-CHN,Ground movement,GLIDE:EQ-2013-000046|USGS:usb000gcdd,CHN,6.6,2013/4/20,198.0,14785.0,,2184000.0,2198785.0,0.0,14.0
2013-0121-HUN,Ground movement,USGS:usb000gdw3,HUN,4.4,2013/4/14,,,,1800.0,1800.0,0.0,13.0
2013-0127-JPN,Ground movement,USGS:usb000g5yg,JPN,5.8,2013/4/12,,32.0,,8406.0,8438.0,1.0,14.0
2013-0140-IND,Ground movement,GLIDE:EQ-2013-000056|USGS:usb000gjhz,IND,5.7,2013/5/1,3.0,70.0,,59280.0,59350.0,0.0,15.0
2013-0151-AFG,Ground movement,USGS:usb000geu9,AFG,5.5,2013/4/24,18.0,141.0,,3390.0,3531.0,0.0,63.8
2013-0206-TWN,Ground movement,USGS:usb000hbrt,TWN,6.2,2013/6/2,4.0,19.0,,1500.0,1519.0,,17.0
2013-0235-IDN,Ground movement,GLIDE:EQ-2013-000073|USGS:usb000i4re,IDN,6.1,2013/7/2,48.0,2532.0,,53403.0,55935.0,0.0,13.0
2013-0242-CHN,Ground movement,USGS:usb000ije3,CHN,5.9,2013/7/22,95.0,887.0,,123000.0,123887.0,0.0,8.0
2013-0268-NZL,Ground movement,USGS:usb000iivv,NZL,6.5,2013/7/21,,4.0,,13836.0,13840.0,1.0,17.0
2013-0314-CHN,Ground movement,USGS:usb000je5n,CHN,5.6,2013/8/31,3.0,50.0,,538000.0,538050.0,0.0,8.0
2013-0381-PAK,Ground movement,USGS:usb000jyiv,PAK,7.7,2013/9/24,399.0,599.0,,185150.0,185749.0,0.0,15.0
2013-0395-PHL,Ground movement,USGS:usb000kdb4,PHL,7.1,2013/10/15,230.0,976.0,,3221248.0,3222224.0,0.0,19.04
2013-0405-GTM,Ground movement,USGS:usb000jkmw,GTM,6.4,2013/9/7,1.0,52.0,,520.0,572.0,0.0,66.0
2013-0409-PER,Ground movement,USGS:usb000jzma,PER,7.1,2013/9/25,,29.0,,7055.0,7084.0,0.0,40.0
2013-0436-IDN,Ground movement,USGS:usb000ki9y,IDN,5.4,2013/10/22,1.0,3.0,,2735.0,2738.0,0.0,9.75
2013-0470-CHN,Ground movement,USGS:usb000l4tb,CHN,5.3,2013/11/22,,,,58300.0,58300.0,0.0,10.0
2013-0484-PAK,Ground movement,USGS:usb000k1gb,PAK,6.8,2013/9/28,22.0,50.0,,,50.0,0.0,12.0
2013-0516-IRN,Ground movement,USGS:usb000l7nt,IRN,5.8,2013/11/28,8.0,120.0,1500.0,,1620.0,0.0,8.0
2013-0555-CHN,Ground movement,USGS:usc000llbt,CHN,5.1,2013/12/16,,,,90500.0,90500.0,0.0,17.8
2013-0561-TWN,Ground movement,USGS:usb000ftgc,TWN,5.9,2013/3/27,1.0,97.0,,,97.0,,19.0
2013-0563-CHN,Ground movement,USGS:usb000g8qd,CHN,5.1,2013/4/17,,10.0,,80545.0,80555.0,0.0,38.3
2013-0581-CHN,Ground movement,USGS:usb000l8qj,CHN,5.0,2013/12/1,,,2000.0,,2000.0,0.0,7.68
2014-0049-GRC,Ground movement,USGS:usb000m8ch,GRC,6.1,2014/1/26,,23.0,,2000.0,2023.0,0.0,8.0
2014-0054-IRN,Ground movement,USGS:usc000lvhr,IRN,5.2,2014/1/2,1.0,30.0,,300.0,330.0,0.0,8.0
2014-0086-CHN,Ground movement,USGS:usc000mnvj,CHN,6.9,2014/2/12,,,,450000.0,450000.0,0.0,10.0
2014-0094-CHL,Ground movement,GLIDE:EQ-2014-000044|USGS:usc000nzvd,CHL,8.2,2014/4/1,6.0,,,513387.0,513387.0,0.0,25.0
2014-0111-NIC,Ground movement,USGS:usc000pgsi,NIC,6.6,2014/4/11,2.0,266.0,,12015.0,12281.0,0.0,135.0
2014-0127-MEX,Ground movement,USGS:usb000pq41,MEX,7.2,2014/4/18,,,,381.0,381.0,0.0,24.0
2014-0129-CHN,Ground movement,USGS:usc000p61s,CHN,5.4,2014/4/4,,21.0,,75000.0,75021.0,0.0,24.74
2014-0159-THA,Ground movement,USGS:usb000qack,THA,6.1,2014/5/5,1.0,23.0,,17500.0,17523.0,0.0,6.0
2014-0173-CHN,Ground movement,USGS:usb000r1y6,CHN,5.8,2014/5/24,,15.0,,225000.0,225015.0,0.0,8.0
2014-0174-GRC,Ground movement,USGS:usb000r2hc,GRC,6.9,2014/5/24,3.0,2.0,,75000.0,75002.0,0.0,6.43
2014-0174-TUR,Ground movement,USGS:usb000r2hc,TUR,6.9,2014/5/24,,324.0,,,324.0,0.0,6.43
2014-0177-CHN,Ground movement,USGS:usc000r8xg,CHN,5.9,2014/5/30,,45.0,,184678.0,184723.0,0.0,10.0
2014-0234-GTM,Ground movement,GLIDE:EQ-2014-000096|USGS:usc000rr6a,GTM,6.9,2014/7/7,1.0,274.0,9830.0,84679.0,94783.0,0.0,53.0
2014-0234-MEX,Ground movement,GLIDE:EQ-2014-000096|USGS:usc000rr6a,MEX,6.9,2014/7/7,3.0,,,27000.0,27000.0,0.0,53.0
2014-0258-COM,Ground movement,USGS:usc000n9m9,COM,4.8,2014/3/12,,,,10000.0,10000.0,0.0,10.0
2014-0281-CHN,Ground movement,GLIDE:EQ-2014-000102,CHN,6.2,2014/8/3,731.0,3413.0,,1117100.0,1120513.0,0.0,
2014-0287-IRN,Ground movement,GLIDE:EQ-2014-000111|USGS:usb000s3t7,IRN,6.0,2014/8/18,,250.0,12000.0,,12250.0,0.0,5.0
2014-0288-ECU,Ground movement,USGS:usb000s27f,ECU,5.1,2014/8/13,4.0,8.0,,54.0,62.0,0.0,11.88
2014-0298-DZA,Ground movement,USGS:usb000rz1p,DZA,5.5,2014/8/1,6.0,420.0,,,420.0,0.0,10.0
2014-0311-ZAF,Ground movement,USGS:usb000s0b3,ZAF,5.4,2014/8/5,1.0,2.0,,2000.0,2002.0,0.0,5.0
2014-0318-USA,Ground movement,USGS:nc72282711,USA,6.02,2014/8/24,1.0,250.0,,3000.0,3250.0,1.0,11.12
2014-0334-PER,Ground movement,USGS:usb000sgt1,PER,4.9,2014/9/27,8.0,4.0,,600.0,604.0,0.0,10.0
2014-0449-CHN,Ground movement,USGS:usb000sjim,CHN,6.1,2014/10/7,1.0,324.0,,255000.0,255324.0,0.0,8.51
2014-0464-CHN,Ground movement,USGS:usb000syy0,CHN,5.9,2014/11/22,5.0,65.0,90.0,82200.0,82355.0,0.0,9.0
2014-0465-JPN,Ground movement,USGS:usb000syza,JPN,6.2,2014/11/22,,41.0,150.0,2466.0,2657.0,1.0,9.0
2014-0544-CHN,Ground movement,USGS:usc000t48q,CHN,5.6,2014/12/6,1.0,22.0,2000.0,,2022.0,0.0,10.0
2015-0078-CHN,Ground movement,USGS:usc000ts8t,CHN,5.1,2015/2/22,,,,8640.0,8640.0,0.0,11.92
2015-0086-COL,Ground movement,USGS:us10001ldx,COL,6.2,2015/3/10,,1.0,400.0,40835.0,41236.0,0.0,155.0
2015-0125-CHN,Ground movement,USGS:usc000tu67,CHN,5.2,2015/3/1,,32.0,2000.0,,2032.0,0.0,10.0
2015-0144-BGD,Ground movement,GLIDE:EQ-2015-000048|USGS:us20002926,BGD,7.8,2015/4/25,4.0,200.0,,,200.0,0.0,8.22
2015-0144-CHN,Ground movement,GLIDE:EQ-2015-000048|USGS:us20002926,CHN,7.8,2015/4/25,29.0,383.0,7500.0,200000.0,207883.0,0.0,8.22
2015-0144-IND,Ground movement,GLIDE:EQ-2015-000048|USGS:us20002926,IND,7.8,2015/4/25,78.0,560.0,,,560.0,0.0,8.22
2015-0144-NPL,Ground movement,GLIDE:EQ-2015-000048|USGS:us20002926,NPL,7.8,2015/4/25,8831.0,17932.0,,5621790.0,5639722.0,0.0,8.22
2015-0175-CHN,Ground movement,USGS:us20002ejl,CHN,7.3,2015/5/12,1.0,,,,,0.0,15.0
2015-0175-IND,Ground movement,USGS:us20002ejl,IND,7.3,2015/5/12,20.0,,,,,0.0,15.0
2015-0175-NPL,Ground movement,USGS:us20002ejl,NPL,7.3,2015/5/12,138.0,2428.0,,,2428.0,0.0,15.0
2015-0216-MYS,Ground movement,USGS:us20002m5s,MYS,6.0,2015/6/5,24.0,10.0,,,10.0,0.0,10.0
2015-0271-CHN,Ground movement,USGS:us10002n4w,CHN,6.4,2015/7/3,4.0,48.0,,3000.0,3048.0,0.0,20.0
2015-0336-COD,Ground movement,USGS:us10002zzr,COD,5.5,2015/8/6,3.0,30.0,100.0,260.0,390.0,0.0,10.0
2015-0415-IDN,Ground movement,USGS:us20003nqr,IDN,6.6,2015/9/24,,62.0,,12185.0,12247.0,0.0,18.0
2015-0435-CHL,Tsunami,USGS:us20003k7a,CHL,8.3,2015/9/16,19.0,15.0,,681484.0,681499.0,0.0,22.44
2015-0476-AFG,Ground movement,GLIDE:EQ-2015-000147|USGS:us10003re5,AFG,7.5,2015/10/26,115.0,58080.0,34645.0,,92725.0,0.0,231.0
2015-0476-IND,Ground movement,GLIDE:EQ-2015-000147|USGS:us10003re5,IND,7.5,2015/10/26,,10.0,,,10.0,0.0,231.0
2015-0476-PAK,Ground movement,GLIDE:EQ-2015-000147|USGS:us10003re5,PAK,7.5,2015/10/25,280.0,1745.0,133900.0,366945.0,502590.0,0.0,231.0
2015-0512-KGZ,Ground movement,GLIDE:EQ-2015-000158|USGS:us10003yzt,KGZ,5.6,2015/11/17,,,5290.0,11490.0,16780.0,0.0,18.0
2015-0528-TJK,Ground movement,USGS:us100044k6,TJK,7.2,2015/12/7,2.0,14.0,,7962.0,7976.0,0.0,22.0
2015-0571-AFG,Ground movement,USGS:us100049i1,AFG,6.3,2015/12/25,,12.0,395.0,,407.0,0.0,206.0
2015-0571-PAK,Ground movement,USGS:us100049i1,PAK,6.3,2015/12/25,3.0,85.0,,,85.0,0.0,206.0
2015-0608-TLS,Ground movement,USGS:us200041ty,TLS,6.5,2015/11/4,,3.0,2000.0,,2003.0,0.0,20.0
2016-0002-BGD,Ground movement,,BGD,6.7,2016/1/3,5.0,70.0,,,70.0,0.0,
2016-0002-IND,Ground movement,,IND,6.7,2016/1/3,8.0,308.0,,10500.0,10808.0,0.0,
2016-0019-IDN,Ground movement,,IDN,5.5,2016/1/16,,8.0,,360.0,368.0,0.0,
2016-0043-TWN,Ground movement,GLIDE:EQ-2016-000012,TWN,6.4,2016/2/6,117.0,525.0,,,525.0,,
2016-0100-PAK,Ground movement,,PAK,6.6,2016/4/10,6.0,42.0,,100.0,142.0,0.0,
2016-0107-JPN,Ground movement,GLIDE:EQ-2016-000033,JPN,6.5,2016/4/14,9.0,800.0,,120000.0,120800.0,1.0,
2016-0117-ECU,Ground movement,GLIDE:EQ-2016-000035,ECU,7.8,2016/4/16,672.0,6274.0,,383090.0,389364.0,0.0,
2016-0121-JPN,Ground movement,GLIDE:EQ-2016-000033,JPN,7.3,2016/4/16,49.0,1684.0,23985.0,272763.0,298432.0,1.0,
2016-0151-ECU,Ground movement,,ECU,6.8,2016/5/18,1.0,87.0,,60.0,147.0,0.0,
2016-0251-TJK,Ground movement,,TJK,5.4,2016/7/1,,,,155.0,155.0,0.0,
2016-0298-PER,Ground movement,,PER,5.3,2016/8/14,4.0,67.0,,11115.0,11182.0,0.0,
2016-0313-ITA,Ground movement,GLIDE:EQ-2016-000095,ITA,6.2,2016/8/24,296.0,400.0,,4454.0,4854.0,0.0,
2016-0329-TZA,Ground movement,GLIDE:EQ-2016-000098,TZA,5.9,2016/9/10,17.0,440.0,,139161.0,139601.0,0.0,
2016-0329-UGA,Ground movement,GLIDE:EQ-2016-000098,UGA,5.9,2016/9/10,4.0,,590.0,,590.0,0.0,
2016-0335-MKD,Ground movement,,MKD,5.1,2016/9/11,,100.0,,,100.0,0.0,
2016-0341-KOR,Ground movement,,KOR,5.4,2016/9/12,,32.0,,29800.0,29832.0,1.0,
2016-0357-ITA,Ground movement,,ITA,6.1,2016/10/26,1.0,24.0,,3003.0,3027.0,0.0,
2016-0358-ITA,Ground movement,,ITA,6.5,2016/10/30,,20.0,,22272.0,22292.0,0.0,
2016-0383-MMR,Ground movement,,MMR,6.8,2016/8/24,4.0,2.0,,1150.0,1152.0,0.0,
2016-0395-NZL,Tsunami,GLIDE:EQ-2016-000116,NZL,7.8,2016/11/14,2.0,50.0,,,50.0,1.0,
2016-0458-IDN,Ground movement,,IDN,5.9,2016/8/1,,,,3410.0,3410.0,0.0,
2016-0464-PER,Ground movement,,PER,6.3,2016/12/1,1.0,17.0,40.0,200.0,257.0,0.0,
2016-0475-IDN,Ground movement,GLIDE:EQ-2016-000127,IDN,6.5,2016/12/7,104.0,857.0,,85161.0,86018.0,0.0,
2016-0480-CHN,Ground movement,,CHN,6.6,2016/11/25,1.0,,,37200.0,37200.0,0.0,
2016-0483-SLB,Ground movement,GLIDE:EQ-2016-000128,SLB,7.8,2016/12/8,,1.0,,9769.0,9770.0,0.0,
2016-0492-JPN,Ground movement,,JPN,6.2,2016/10/21,,7.0,6.0,480.0,493.0,1.0,
2016-0493-USA,Ground movement,,USA,5.0,2016/11/7,,,,120.0,120.0,1.0,
2016-0526-CHN,Ground movement,,CHN,5.9,2016/12/8,,,120.0,9000.0,9120.0,0.0,
2016-0536-CHN,Ground movement,,CHN,4.8,2016/5/18,2.0,,5000.0,,5000.0,0.0,
2016-0537-PHL,Ground movement,,PHL,6.7,2016/3/30,8.0,202.0,,,202.0,0.0,
2017-0015-ITA,Ground movement,,ITA,5.3,2017/1/18,29.0,11.0,,,11.0,0.0,
2017-0050-PHL,Ground movement,GLIDE:EQ-2017-000016,PHL,6.7,2017/2/10,8.0,202.0,,16655.0,16857.0,0.0,
2017-0113-CHN,Ground movement,,CHN,5.0,2017/3/26,,1.0,2105.0,,2106.0,0.0,
2017-0124-CHN,Ground movement,,CHN,5.4,2017/5/11,8.0,23.0,4560.0,,4583.0,0.0,
2017-0140-PHL,Ground movement,,PHL,5.9,2017/4/8,,,,25000.0,25000.0,0.0,
2017-0182-GRC,Ground movement,,GRC,6.3,2017/6/12,1.0,11.0,,720.0,731.0,0.0,
2017-0204-IRN,Ground movement,,IRN,5.6,2017/5/13,3.0,417.0,1845.0,,2262.0,0.0,
2017-0247-PHL,Ground movement,,PHL,6.5,2017/7/6,3.0,448.0,,16052.0,16500.0,0.0,
2017-0280-GRC,Ground movement,,GRC,6.7,2017/7/21,2.0,120.0,,,120.0,0.0,
2017-0280-TUR,Ground movement,,TUR,6.7,2017/7/21,,360.0,,,360.0,0.0,
2017-0331-CHN,Ground movement,,CHN,6.5,2017/8/8,29.0,525.0,300.0,217500.0,218325.0,0.0,
2017-0349-ITA,Ground movement,,ITA,4.3,2017/8/23,2.0,42.0,,2600.0,2642.0,0.0,
2017-0382-GTM,Ground movement,,GTM,7.7,2017/9/8,,2.0,81.0,3518.0,3601.0,0.0,
2017-0382-MEX,Ground movement,,MEX,8.1,2017/9/8,98.0,250.0,,1200000.0,1200250.0,0.0,
2017-0387-MEX,Ground movement,,MEX,7.1,2017/9/17,369.0,6000.0,,250000.0,256000.0,0.0,
2017-0443-KOR,Ground movement,,KOR,5.4,2017/11/15,,57.0,,5000.0,5057.0,1.0,
2017-0446-IRN,Ground movement,,IRN,7.3,2017/11/12,444.0,9000.0,,200000.0,209000.0,0.0,
2017-0446-IRQ,Ground movement,,IRQ,7.3,2017/11/12,10.0,469.0,,5500.0,5969.0,0.0,
2017-0451-KGZ,Ground movement,GLIDE:EQ-2017-000050,KGZ,5.9,2017/5/3,,,,5000.0,5000.0,0.0,
2017-0513-CHN,Ground movement,,CHN,6.4,2017/11/18,,3.0,,23400.0,23403.0,0.0,
2017-0521-IRN,Ground movement,,IRN,4.9,2017/12/20,2.0,120.0,,,120.0,0.0,
2017-0530-IDN,Ground movement,,IDN,6.5,2017/12/15,4.0,36.0,,8859.0,8895.0,0.0,
2018-0011-PER,Ground movement,,PER,7.1,2018/1/14,2.0,139.0,1295.0,7885.0,9319.0,0.0,
2018-0031-IDN,Ground movement,,IDN,6.0,2018/1/23,1.0,11.0,,13800.0,13811.0,0.0,
2018-0055-PNG,Ground movement,GLIDE:EQ-2018-000020,PNG,7.5,2018/2/26,145.0,300.0,,544000.0,544300.0,0.0,
2018-0059-TWN,Ground movement,,TWN,6.4,2018/2/6,84.0,285.0,,,285.0,,
2018-0183-JPN,Ground movement,,JPN,5.5,2018/6/18,5.0,417.0,,20298.0,20715.0,1.0,
2018-0215-CHN,Ground movement,,CHN,5.1,2018/5/28,,,,12000.0,12000.0,0.0,
2018-0254-IDN,Ground movement,GLIDE:EQ-2018-000122,IDN,6.4,2018/7/29,14.0,135.0,,102717.0,102852.0,0.0,
2018-0257-IDN,Ground movement,,IDN,6.9,2018/8/5,564.0,1584.0,70000.0,445343.0,516927.0,0.0,
2018-0281-IRN,Ground movement,,IRN,5.9,2018/7/22,,287.0,,4755.0,5042.0,0.0,
2018-0302-IDN,Ground movement,,IDN,6.9,2018/8/19,10.0,24.0,,755.0,779.0,0.0,
2018-0310-IRN,Ground movement,,IRN,6.0,2018/8/26,2.0,255.0,3000.0,10000.0,13255.0,0.0,
2018-0315-MEX,Ground movement,,MEX,7.2,2018/2/16,,4.0,,3000.0,3004.0,0.0,
2018-0316-PNG,Ground movement,,PNG,,2018/3/5,11.0,,,,,0.0,
2018-0317-PNG,Ground movement,,PNG,6.7,2018/3/7,25.0,,,,,0.0,
2018-0321-SLV,Ground movement,,SLV,5.6,2018/5/6,,,,2499.0,2499.0,0.0,
2018-0323-CHN,Ground movement,,CHN,5.0,2018/8/13,,24.0,,18000.0,18024.0,0.0,
2018-0330-JPN,Ground movement,,JPN,6.6,2018/9/6,41.0,680.0,,5600.0,6280.0,1.0,
2018-0352-IDN,Tsunami,GLIDE:EQ-2018-000122,IDN,7.5,2018/9/28,4140.0,,,2000000.0,2000000.0,0.0,
2018-0360-HTI,Ground movement,,HTI,5.9,2018/10/6,17.0,421.0,,38915.0,39336.0,0.0,
2018-0426-IRN,Ground movement,GLIDE:EQ-2018-000415,IRN,6.3,2018/11/25,,716.0,,,716.0,0.0,
2019-0023-CHL,Ground movement,,CHL,6.7,2019/1/19,2.0,,,780.0,780.0,0.0,
2019-0085-IDN,Ground movement,,IDN,5.4,2019/2/28,,48.0,,1715.0,1763.0,0.0,
2019-0096-CHN,Ground movement,,CHN,4.9,2019/2/25,2.0,12.0,27.0,32733.0,32772.0,0.0,
2019-0109-IDN,Ground movement,,IDN,5.8,2019/3/17,9.0,45.0,,1250.0,1295.0,0.0,
2019-0162-PHL,Ground movement,GLIDE:EQ-2019-000036,PHL,6.1,2019/4/22,25.0,282.0,,15273.0,15555.0,0.0,
2019-0232-ALB,Ground movement,,ALB,5.2,2019/6/1,,4.0,,300.0,304.0,0.0,
2019-0233-SLV,Ground movement,,SLV,6.6,2019/5/30,1.0,,,160.0,160.0,0.0,
2019-0243-ECU,Ground movement,,ECU,8.0,2019/5/26,,15.0,,,15.0,0.0,
2019-0243-PER,Ground movement,,PER,8.0,2019/5/26,2.0,15.0,,4257.0,4272.0,0.0,
2019-0259-CHN,Ground movement,,CHN,5.8,2019/6/17,13.0,220.0,,244000.0,244220.0,0.0,
2019-0271-PNG,Ground movement,,PNG,7.6,2019/5/14,,1.0,,650.0,651.0,0.0,
2019-0299-IRN,Ground movement,,IRN,5.7,2019/7/8,1.0,100.0,2000.0,,2100.0,0.0,
2019-0306-USA,Ground movement,,USA,7.1,2019/7/5,,,,150.0,150.0,1.0,
2019-0322-JPN,Ground movement,,JPN,6.4,2019/6/18,,28.0,,432.0,460.0,1.0,
2019-0334-IDN,Ground movement,,IDN,7.2,2019/7/14,8.0,134.0,5880.0,5790.0,11804.0,0.0,
2019-0356-PHL,Ground movement,,PHL,5.5,2019/7/13,,52.0,,9525.0,9577.0,0.0,
2019-0362-PHL,Ground movement,GLIDE:EQ-2019-000086,PHL,6.0,2019/7/27,9.0,64.0,,2963.0,3027.0,0.0,
2019-0377-IDN,Ground movement,,IDN,6.9,2019/8/2,6.0,4.0,,2100.0,2104.0,0.0,
2019-0444-ALB,Ground movement,,ALB,5.6,2019/9/21,,108.0,,4500.0,4608.0,0.0,
2019-0451-IDN,Ground movement,,IDN,6.5,2019/9/26,31.0,179.0,,247239.0,247418.0,0.0,
2019-0460-PAK,Ground movement,GLIDE:EQ-2019-000117,PAK,5.6,2019/9/24,39.0,746.0,,129652.0,130398.0,0.0,
2019-0475-ECU,Ground movement,,ECU,7.5,2019/2/22,,9.0,15.0,225.0,249.0,0.0,
2019-0479-TUR,Ground movement,,TUR,5.7,2019/9/26,1.0,34.0,,1419.0,1453.0,0.0,
2019-0489-PHL,Ground movement,,PHL,6.4,2019/10/16,7.0,215.0,,3068.0,3283.0,0.0,
2019-0520-CHN,Ground movement,,CHN,5.1,2019/9/8,1.0,63.0,396.0,15123.0,15582.0,0.0,
2019-0522-PHL,Ground movement,GLIDE:EQ-2019-000129,PHL,6.6,2019/10/29,10.0,395.0,,25630.0,26025.0,0.0,
2019-0529-PHL,Ground movement,GLIDE:EQ-2019-000129,PHL,6.5,2019/10/31,23.0,417.0,,260286.0,260703.0,0.0,
2019-0551-FRA,Ground movement,,FRA,5.3,2019/11/11,,4.0,,750.0,754.0,1.0,
2019-0553-IRN,Ground movement,,IRN,5.9,2019/11/8,6.0,584.0,,22500.0,23084.0,0.0,
2019-0572-ALB,Ground movement,GLIDE:EQ-2019-000157,ALB,6.4,2019/11/26,51.0,913.0,,202000.0,202913.0,0.0,
2019-0619-PHL,Ground movement,,PHL,6.8,2019/12/15,14.0,210.0,,394355.0,394565.0,0.0,
2020-0007-PRI,Ground movement,,PRI,6.4,2020/1/7,4.0,8.0,900.0,4170.0,5078.0,,
2020-0034-TUR,Ground movement,,TUR,6.7,2020/1/24,41.0,1607.0,,69000.0,70607.0,0.0,
2020-0073-IRN,Ground movement,,IRN,5.8,2020/2/23,,75.0,,15000.0,15075.0,0.0,
2020-0073-TUR,Ground movement,,TUR,5.8,2020/2/23,9.0,50.0,3000.0,,3050.0,0.0,
2020-0106-HRV,Ground movement,GLIDE:EQ-2020-000040,HRV,5.4,2020/3/22,1.0,27.0,18915.0,60000.0,78942.0,0.0,
2020-0158-PRI,Ground movement,,PRI,5.4,2020/5/2,,,,150.0,150.0,,
2020-0225-IDN,Ground movement,,IDN,6.4,2020/6/4,,,70.0,1490.0,1560.0,0.0,
2020-0244-CHN,Ground movement,,CHN,5.1,2020/5/18,4.0,24.0,,3300.0,3324.0,0.0,
2020-0251-TUR,Ground movement,,TUR,5.9,2020/6/14,1.0,35.0,,6600.0,6635.0,0.0,
2020-0279-TUR,Ground movement,,TUR,5.4,2020/6/25,,5.0,,273.0,278.0,0.0,
2020-0281-MEX,Ground movement,,MEX,7.4,2020/6/23,10.0,24.0,,24369.0,24393.0,0.0,
2020-0370-PHL,Ground movement,,PHL,6.6,2020/8/18,1.0,20.0,705.0,4255.0,4980.0,0.0,
2020-0466-GRC,Ground movement,,GRC,7.0,2020/10/30,2.0,19.0,,900.0,919.0,0.0,
2020-0466-TUR,Ground movement,,TUR,7.0,2020/10/30,115.0,1034.0,5000.0,,6034.0,0.0,
2020-0572-HRV,Ground movement,GLIDE:EQ-2020-000241,HRV,6.4,2020/12/29,8.0,36.0,,149371.0,149407.0,0.0,
2020-0579-DZA,Ground movement,GLIDE:EQ-2020-000188,DZA,4.9,2020/8/7,,,,15000.0,15000.0,0.0,
2021-0002-ARG,Ground movement,,ARG,6.4,2021/1/18,,14.0,,1800.0,1814.0,0.0,
2021-0003-IDN,Ground movement,GLIDE:EQ-2021-000003,IDN,6.2,2021/1/15,110.0,826.0,,99827.0,100653.0,0.0,
2021-0095-IRN,Ground movement,GLIDE:EQ-2021-000018,IRN,5.6,2021/2/17,2.0,63.0,,257661.0,257724.0,0.0,
2021-0105-JPN,Ground movement,,JPN,7.1,2021/2/13,1.0,185.0,60.0,7647.0,7892.0,1.0,
2021-0134-GRC,Ground movement,,GRC,5.8,2021/3/3,,11.0,2700.0,,2711.0,0.0,
2021-0194-JPN,Ground movement,,JPN,7.0,2021/3/20,,11.0,,600.0,611.0,1.0,
2021-0200-IDN,Ground movement,,IDN,6.0,2021/4/11,9.0,39.0,420.0,5520.0,5979.0,0.0,
2021-0201-CHN,Ground movement,,CHN,5.4,2021/3/24,3.0,,,195.0,195.0,0.0,
2021-0215-IRN,Ground movement,,IRN,5.9,2021/4/18,,6.0,,3537.0,3543.0,0.0,
2021-0225-BTN,Ground movement,,BTN,6.0,2021/4/28,,2.0,,500.0,502.0,0.0,
2021-0225-IND,Ground movement,,IND,6.4,2021/4/28,2.0,10.0,,3000.0,3010.0,0.0,
2021-0293-CHN,Ground movement,,CHN,6.1,2021/5/21,3.0,28.0,,39000.0,39028.0,0.0,
2021-0323-IDN,Ground movement,,IDN,5.9,2021/6/16,,,,750.0,750.0,0.0,
2021-0329-CHN,Ground movement,,CHN,5.1,2021/6/10,,2.0,,8010.0,8012.0,0.0,
2021-0403-TJK,Ground movement,,TJK,5.9,2021/7/10,5.0,,,100.0,100.0,0.0,
2021-0462-PER,Ground movement,,PER,6.2,2021/7/30,,721.0,,700.0,1421.0,0.0,
2021-0511-HTI,Ground movement,GLIDE:EQ-2021-000116,HTI,7.2,2021/8/14,2575.0,12763.0,,690000.0,702763.0,0.0,
2021-0587-CHN,Ground movement,,CHN,5.4,2021/9/16,3.0,88.0,2437.0,21870.0,24395.0,0.0,
2021-0602-MEX,Ground movement,,MEX,7.0,2021/9/8,3.0,,,21951.0,21951.0,0.0,
2021-0627-GRC,Ground movement,,GRC,6.0,2021/9/27,1.0,20.0,2316.0,,2336.0,0.0,
2021-0654-PAK,Ground movement,GLIDE:EQ-2021-000156,PAK,5.9,2021/10/7,21.0,300.0,,63800.0,64100.0,0.0,
2021-0720-IDN,Ground movement,,IDN,5.1,2021/10/16,3.0,82.0,1830.0,2620.0,4532.0,0.0,
2021-0738-IRN,Ground movement,GLIDE:EQ-2021-000177,IRN,6.3,2021/11/14,1.0,104.0,,36484.0,36588.0,0.0,
2021-0758-ECU,Ground movement,GLIDE:EQ-2021-000192,ECU,7.2,2021/11/28,,,,39.0,39.0,0.0,
2021-0758-PER,Ground movement,GLIDE:EQ-2021-000192,PER,7.2,2021/11/28,,3.0,,17909.0,17912.0,0.0,
2021-0801-IDN,Ground movement,,IDN,7.3,2021/12/14,,7.0,,1730.0,1737.0,0.0,
2021-0829-CHN,Ground movement,,CHN,5.7,2021/12/24,,10.0,,19200.0,19210.0,0.0,
2021-0829-LAO,Ground movement,,LAO,5.7,2021/12/24,,,,,,0.0,
2022-0004-CHN,Ground movement,,CHN,5.4,2022/1/2,,30.0,,29000.0,29030.0,0.0,
2022-0012-IDN,Ground movement,,IDN,5.6,2022/1/10,,2.0,,300.0,302.0,0.0,
2022-0027-AFG,Ground movement,GLIDE:EQ-2022-000008,AFG,5.3,2022/1/17,28.0,4.0,4000.0,,4004.0,0.0,
2022-0042-IDN,Ground movement,,IDN,6.6,2022/1/14,,1975.0,,13415.0,15390.0,0.0,
2022-0045-CHN,Ground movement,,CHN,6.6,2022/1/8,,9.0,,26490.0,26499.0,0.0,
2022-0057-HTI,Ground movement,,HTI,5.3,2022/1/24,2.0,52.0,950.0,15.0,1017.0,0.0,
2022-0079-PER,Ground movement,,PER,6.5,2022/2/3,,,,300.0,300.0,0.0,
2022-0092-GTM,Ground movement,,GTM,6.2,2022/2/16,3.0,2.0,,31300.0,31302.0,0.0,
2022-0115-IDN,Ground movement,,IDN,6.1,2022/2/25,15.0,388.0,515.0,24000.0,24903.0,0.0,
2022-0153-JPN,Ground movement,,JPN,7.3,2022/3/16,3.0,183.0,,558.0,741.0,1.0,
2022-0177-ECU,Ground movement,GLIDE:EQ-2022-000194,ECU,5.8,2022/3/26,1.0,2.0,,7802.0,7804.0,0.0,
2022-0231-BIH,Ground movement,,BIH,5.6,2022/4/23,1.0,2.0,,1050.0,1052.0,0.0,
2022-0334-CHN,Ground movement,,CHN,5.8,2022/6/1,4.0,41.0,,13500.0,13541.0,0.0,
2022-0342-AFG,Ground movement,,AFG,5.9,2022/6/21,1036.0,2989.0,,361634.0,364623.0,0.0,
2022-0342-PAK,Ground movement,,PAK,5.9,2022/6/21,43.0,,,,,0.0,
2022-0402-IRN,Ground movement,GLIDE:EQ-2022-000256,IRN,6.1,2022/7/2,5.0,84.0,,22216.0,22300.0,0.0,
2022-0411-CHN,Ground movement,,CHN,5.9,2022/6/10,,4.0,,780.0,784.0,0.0,
2022-0430-PER,Ground movement,,PER,5.5,2022/7/12,,2.0,,300.0,302.0,0.0,
2022-0448-PHL,Ground movement,,PHL,7.0,2022/7/27,10.0,394.0,,502462.0,502856.0,0.0,
2022-0567-CHN,Ground movement,,CHN,6.6,2022/9/5,118.0,400.0,,130000.0,130400.0,0.0,
2022-0592-PNG,Ground movement,,PNG,7.6,2022/9/13,7.0,24.0,1945.0,,1969.0,0.0,
2022-0595-IDN,Ground movement,,IDN,6.0,2022/9/11,,3.0,,6000.0,6003.0,0.0,
2022-0611-TWN,Ground movement,,TWN,6.5,2022/9/18,1.0,140.0,,,140.0,,
2022-0622-MEX,Ground movement,,MEX,6.8,2022/9/22,3.0,5.0,,18000.0,18005.0,0.0,
2022-0623-MEX,Ground movement,,MEX,7.6,2022/9/19,2.0,9.0,2424.0,15453.0,17886.0,0.0,
2022-0634-IRN,Ground movement,GLIDE:EQ-2022-000326,IRN,5.6,2022/10/5,,1127.0,150.0,11288.0,12565.0,0.0,
2022-0703-PHL,Ground movement,,PHL,6.4,2022/10/25,,44.0,,147378.0,147422.0,0.0,
2022-0731-NPL,Ground movement,GLIDE:EQ-2022-000358,NPL,5.7,2022/11/9,6.0,8.0,,30000.0,30008.0,0.0,
2022-0755-IDN,Ground movement,,IDN,5.6,2022/11/21,334.0,4645.0,,2200000.0,2204645.0,0.0,
2022-0765-TUR,Ground movement,,TUR,6.1,2022/11/23,2.0,93.0,,213.0,306.0,0.0,
2022-0808-USA,Ground movement,,USA,6.4,2022/12/20,2.0,12.0,,,12.0,1.0,
2023-0006-IDN,Ground movement,,IDN,7.6,2023/1/10,1.0,11.0,60.0,4350.0,4421.0,0.0,
2023-0012-IRN,Ground movement,GLIDE:EQ-2023-000007,IRN,5.7,2023/1/18,,252.0,,41426.0,41678.0,0.0,
2023-0047-IRN,Ground movement,,IRN,5.9,2023/1/28,3.0,1017.0,,261387.0,262404.0,0.0,
2023-0054-SYR,Ground movement,GLIDE:EQ-2023-000015,SYR,7.8,2023/2/6,5900.0,8700.0,,8800000.0,8808700.0,0.0,
2023-0054-TUR,Ground movement,GLIDE:EQ-2023-000015,TUR,7.8,2023/2/6,53000.0,107000.0,,16000000.0,16107000.0,0.0,
2023-0073-IDN,Ground movement,,IDN,5.1,2023/2/9,4.0,,,2136.0,2136.0,0.0,
2023-0091-SYR,Ground movement,,SYR,6.3,2023/2/20,,470.0,,,470.0,0.0,
2023-0091-TUR,Ground movement,,TUR,6.3,2023/2/20,6.0,294.0,,,294.0,0.0,
2023-0107-SYR,Ground movement,,SYR,5.2,2023/2/27,,150.0,,,150.0,0.0,
2023-0107-TUR,Ground movement,,TUR,5.2,2023/2/27,1.0,110.0,90.0,,200.0,0.0,
2023-0155-ECU,Ground movement,GLIDE:EQ-2023-000038,ECU,6.8,2023/3/18,14.0,494.0,,126922.0,127416.0,0.0,
2023-0155-PER,Ground movement,GLIDE:EQ-2023-000038,PER,6.8,2023/3/18,1.0,1.0,,140.0,141.0,0.0,
2023-0156-AFG,Ground movement,,AFG,6.5,2023/3/21,5.0,80.0,,3265.0,3345.0,0.0,
2023-0156-PAK,Ground movement,,PAK,6.5,2023/3/21,11.0,79.0,,860.0,939.0,0.0,
2023-0169-IRN,Ground movement,,IRN,5.6,2023/3/24,,239.0,,,239.0,0.0,
2023-0189-PNG,Ground movement,,PNG,7.0,2023/4/2,8.0,11.0,2628.0,13635.0,16274.0,0.0,
2023-0237-TJK,Ground movement,GLIDE:EQ-2023-000043,TJK,4.8,2023/3/23,,3.0,,2202.0,2205.0,0.0,
2023-0268-CHN,Ground movement,,CHN,5.3,2023/5/2,,10.0,,8400.0,8410.0,0.0,
2023-0279-JPN,Ground movement,,JPN,6.2,2023/5/6,1.0,43.0,54.0,2157.0,2254.0,1.0,
2023-0323-FRA,Ground movement,,FRA,4.8,2023/6/16,,2.0,,750.0,752.0,1.0,
2023-0378-IDN,Ground movement,,IDN,5.8,2023/6/30,1.0,10.0,,1110.0,1120.0,0.0,
2023-0522-CHN,Ground movement,,CHN,5.4,2023/8/5,,21.0,378.0,,399.0,0.0,
2023-0600-MAR,Ground movement,GLIDE:EQ-2023-000166,MAR,6.8,2023/9/8,2946.0,5674.0,,840000.0,845674.0,0.0,
2023-0636-AFG,Ground movement,GLIDE:EQ-2023-000184,AFG,5.4,2023/10/7,2445.0,9240.0,,560000.0,569240.0,0.0,
2023-0653-NPL,Ground movement,GLIDE:EQ-2023-000182,NPL,5.7,2023/10/3,1.0,23.0,,36250.0,36273.0,0.0,
2023-0660-AFG,Ground movement,,AFG,6.3,2023/10/11,1.0,140.0,,,140.0,0.0,
2023-0722-NPL,Ground movement,GLIDE:EQ-2023-000214,NPL,5.7,2023/11/3,154.0,366.0,,300000.0,300366.0,0.0,
2023-0739-PHL,Ground movement,,PHL,6.2,2023/9/12,,5.0,,175.0,180.0,0.0,
2023-0749-ISL,Ground movement,GLIDE:VO-2023-000243,ISL,6.1,2023/10/25,,,,3665.0,3665.0,1.0,
2023-0762-PHL,Ground movement,,PHL,6.7,2023/11/17,11.0,37.0,,99541.0,99578.0,0.0,
2023-0791-PHL,Ground movement,,PHL,7.6,2023/12/2,3.0,79.0,,720997.0,721076.0,0.0,
2023-0838-CHN,Ground movement,,CHN,5.9,2023/12/19,151.0,980.0,,600000.0,600980.0,0.0,
2024-0001-JPN,Ground movement,,JPN,7.5,2024/1/2,252.0,1182.0,,166947.0,168129.0,1.0,
2024-0035-CHN,Ground movement,,CHN,5.6,2024/1/23,6.0,5.0,141.0,12426.0,12572.0,0.0,
2024-0035-KAZ,Ground movement,,KAZ,5.8,2024/1/23,,67.0,,,67.0,0.0,
2024-0153-PNG,Ground movement,,PNG,6.9,2024/3/20,5.0,2.0,5000.0,,5002.0,0.0,
2024-0154-IDN,Ground movement,,IDN,6.4,2024/3/22,,2.0,,144520.0,144522.0,0.0,
2024-0189-TWN,Ground movement,,TWN,7.4,2024/4/3,20.0,1145.0,333.0,891.0,2369.0,,
2024-0262-IDN,Ground movement,,IDN,6.1,2024/4/27,1.0,12.0,70.0,2730.0,2812.0,0.0,
2024-0392-IRN,Ground movement,,IRN,4.9,2024/6/18,4.0,120.0,,,120.0,0.0,
2024-0473-PER,Ground movement,,PER,7.2,2024/6/28,,30.0,33.0,9000.0,9063.0,0.0,
2024-0585-PHL,Ground movement,,PHL,6.8,2024/8/2,,,,24000.0,24000.0,0.0,
2024-0688-IDN,Ground movement,,IDN,5.1,2024/9/18,1.0,75.0,,2800.0,2875.0,0.0,
2024-0751-TUR,Ground movement,,TUR,6.0,2024/10/16,,43.0,69.0,1605.0,1717.0,0.0,
2024-0848-CUB,Ground movement,,CUB,6.8,2024/11/10,,7.0,,6000.0,6007.0,0.0,
