DisNo.,Disaster Subtype,External IDs,ISO,Magnitude,Date,Total Deaths,No. Injured,No. Homeless,No. Affected,Total Affected,Development
1990-0009-PHL,Ground movement,,PHL,6.6,1990/2/8,1,4,,34500,34504,0
1990-0017-IDN,Ground movement,,IDN,7.8,1990/4/18,5,36,,7000,7036,0
1990-0020-BGR,Ground movement,,BGR,7,1990/5/30,1,,,,,0
1990-0020-ROU,Ground movement,,ROU,7,1990/5/30,9,700,,,700,0
1990-0020-SUN,Ground movement,,SUN,7,1990/5/30,4,,,,,
1990-0028-PHL,Ground movement,,PHL,7.1,1990/6/14,4,15,,,15,0
1990-0029-PER,Ground movement,,PER,6.6,1990/5/29,200,800,30000,70000,100800,0
1990-0031-SUN,Ground movement,,SUN,6.8,1990/6/14,1,,20000,,20000,
1990-0033-SDN,Ground movement,,SDN,6.8,1990/5/20,,,,8000,8000,0
1990-0033-UGA,Ground movement,,UGA,,1990/5/20,,,,,,0
1990-0034-IRN,Ground movement,,IRN,7.3,1990/6/21,40000,105000,105000,500000,710000,0
1990-0040-PHL,Ground movement,,PHL,7.7,1990/7/16,2412,3513,,1594040,1597553,0
1990-0093-CHN,Ground movement,,CHN,6.2,1990/10/20,1,16,,30000,30016,0
1990-0099-CHN,Ground movement,,CHN,6.9,1990/4/26,126,2049,7696,24574,34319,0
1990-0105-ITA,Ground movement,,ITA,5.4,1990/5/6,2,16,,,16,0
1990-0118-IRN,Ground movement,,IRN,6.6,1990/11/6,21,90,1310,21000,22400,0
1990-0165-PAK,Ground movement,,PAK,6.6,1990/10/22,11,250,,,250,0
1990-0169-GRC,Ground movement,,GRC,5.5,1990/12/21,1,60,,,60,0
1990-0170-CRI,Ground movement,,CRI,5.8,1990/12/22,1,299,14000,,14299,0
1990-0186-VUT,Ground movement,,VUT,6.7,1990/2/19,,,,,,0
1990-0187-USA,Ground movement,,USA,5.5,1990/2/28,,30,,,30,1
1990-0188-FJI,Ground movement,,FJI,7.4,1990/3/3,,,,,,0
1990-0189-PAK,Ground movement,,PAK,6.1,1990/3/4,11,40,,,40,0
1990-0190-VUT,Ground movement,,VUT,7,1990/3/5,,,,,,0
1990-0191-CRI,Ground movement,,CRI,6.8,1990/3/25,,10,,300,310,0
1990-0193-GBR,Ground movement,,GBR,4.7,1990/4/2,,,,,,1
1990-0194-NIC,Ground movement,,NIC,6.4,1990/4/3,,,,,,0
1990-0202-KEN,Ground movement,,KEN,7.2,1990/5/24,,,,,,0
1990-0203-UGA,Ground movement,,UGA,6.8,1990/5/24,,,,,,0
1990-0214-PNG,Ground movement,,PNG,,1990/6/7,,,,,,0
1990-0217-GRC,Ground movement,,GRC,5.1,1990/6/16,,1,,,1,0
1990-0221-FJI,Ground movement,,FJI,6.3,1990/6/23,,,,,,0
1990-0227-VUT,Ground movement,,VUT,6.8,1990/7/27,,2,,,2,0
1990-0228-SUN,Ground movement,,SUN,6.1,1990/8/3,,8,1500,,1508,
1990-0230-ECU,Ground movement,,ECU,5,1990/8/11,4,10,,6500,6510,0
1990-0250-ITA,Ground movement,,ITA,4.7,1990/12/13,19,200,2500,,2700,0
1990-0593-IDN,Ground movement,,IDN,6,1990/11/15,1,32,,2140,2172,0
1990-0601-SUN,Ground movement,,SUN,5,1990/12/1,,,3000,,3000,
1990-0702-IDN,Ground movement,,IDN,5.8,1990/7/6,,103,,,103,0
1990-0703-USA,Ground movement,,USA,4.3,1990/3/30,,,,120,120,1
1990-0704-ZAF,Ground movement,,ZAF,4,1990/10/18,10,6,,,6,0
1991-0001-MMR,Ground movement,,MMR,7.2,1991/1/5,,,,160,160,0
1991-0033-AFG,Ground movement,,AFG,6.4,1991/1/31,130,,,7000,7000,0
1991-0033-PAK,Ground movement,,PAK,6.4,1991/1/31,300,574,29465,174755,204794,0
1991-0033-SUN,Ground movement,,SUN,6.8,1991/1/31,3,,,,,
1991-0043-CHN,Ground movement,,CHN,6.5,1991/2/25,,3,600,42205,42808,0
1991-0055-SUN,Ground movement,,SUN,6.8,1991/3/8,,,,,,
1991-0066-PER,Ground movement,,PER,6.9,1991/4/4,53,750,,45000,45750,0
1991-0088-CHN,Ground movement,,CHN,5.8,1991/3/26,1,542,,240000,240542,0
1991-0114-CRI,Ground movement,,CRI,6.3,1991/4/22,47,199,3900,6320,10419,0
1991-0114-PAN,Ground movement,,PAN,7.2,1991/4/22,30,560,7000,10500,18060,0
1991-0117-SUN,Ground movement,,SUN,6.9,1991/4/29,270,1500,160000,90000,251500,
1991-0122-GEO,Ground movement,,GEO,6.3,1991/6/15,8,200,1350,2190,3740,0
1991-0124-IDN,Ground movement,,IDN,6.9,1991/6/20,,,,1000,1000,0
1991-0165-IDN,Ground movement,,IDN,6.7,1991/7/4,28,191,1000,15000,16191,0
1991-0173-PER,Ground movement,,PER,5,1991/7/24,11,35,,1500,1535,0
1991-0192-USA,Ground movement,,USA,5.8,1991/6/28,2,100,,,100,1
1991-0230-GTM,Ground movement,,GTM,5.3,1991/9/18,14,90,,23800,23890,0
1991-0232-IRQ,Ground movement,,IRQ,5.6,1991/7/27,20,,500,,500,0
1991-0284-IRN,Ground movement,,IRN,5.4,1991/11/4,,51,,1450,1501,0
1991-0293-CRI,Ground movement,,CRI,4.9,1991/8/9,,,,150,150,0
1991-0368-IND,Ground movement,,IND,6.1,1991/10/20,1500,1383,,53000,54383,0
1991-0390-COL,Ground movement,,COL,6.8,1991/11/19,2,2,295,570,867,0
1991-0399-ROU,Ground movement,,ROU,5.7,1991/12/2,,5,4000,,4005,0
1991-0498-AFG,Ground movement,,AFG,5.4,1991/4/18,24,,,,,0
1991-0498-SUN,Ground movement,,SUN,5.4,1991/4/18,1,,,5000,5000,
1991-0682-YEM,Ground movement,,YEM,4.4,1991/11/22,10,39,40000,,40039,0
1991-0773-CRI,Ground movement,,CRI,5.6,1991/5/4,,,,,,0
1991-0773-PAN,Ground movement,,PAN,5.6,1991/5/4,,36,2000,,2036,0
1991-0774-ROU,Ground movement,,ROU,5.7,1991/7/18,,,,1845,1845,0
1992-0012-DZA,Ground movement,,DZA,5,1992/1/19,,,,2250,2250,0
1992-0022-TUR,Ground movement,,TUR,6.8,1992/3/13,653,3850,95000,250000,348850,0
1992-0058-PAK,Ground movement,,PAK,5.7,1992/8/28,4,,,200,200,0
1992-0064-COD,Ground movement,,COD,6.7,1992/9/11,9,61,250,,311,0
1992-0067-CUB,Ground movement,,CUB,7,1992/5/25,,40,,5829,5869,0
1992-0079-NIC,Ground movement,,NIC,7,1992/9/1,179,489,,5690,6179,0
1992-0081-KGZ,Ground movement,,KGZ,7.5,1992/8/19,54,100,32538,54168,86806,0
1992-0082-KGZ,Ground movement,,KGZ,7,1992/5/22,4,,,50000,50000,0
1992-0093-BEL,Ground movement,,BEL,5.5,1992/4/13,,,,,,1
1992-0093-DEU,Ground movement,,DEU,5.6,1992/4/13,1,25,,1500,1525,1
1992-0093-NLD,Ground movement,,NLD,5.5,1992/4/13,,20,,,20,1
1992-0120-USA,Ground movement,,USA,6.9,1992/4/25,,94,,,94,1
1992-0149-EGY,Ground movement,,EGY,5.9,1992/10/12,552,9929,25020,57700,92649,0
1992-0151-COL,Ground movement,,COL,6.6,1992/10/17,11,135,1500,,1635,0
1992-0163-IDN,Ground movement,,IDN,7.5,1992/12/12,2500,2103,90000,,92103,0
1992-0180-IRN,Ground movement,,IRN,4.9,1992/3/4,5,50,4000,,4050,0
1992-0202-AFG,Ground movement,,AFG,5.5,1992/5/20,14,,,,,0
1992-0202-PAK,Ground movement,,PAK,6,1992/5/20,36,100,2000,,2100,0
1992-0215-USA,Ground movement,,USA,7.4,1992/6/28,1,300,,,300,1
1992-0236-UZB,Ground movement,,UZB,5.6,1992/5/15,9,,,50000,50000,0
1992-0247-IDN,Ground movement,,IDN,5,1992/2/4,,1,7500,,7501,0
1992-0252-JPN,Ground movement,,JPN,5.9,1992/2/2,,32,,,32,1
1992-0256-CHN,Ground movement,,CHN,6.5,1992/7/31,,,,16000,16000,0
1992-0481-GEO,Ground movement,,GEO,6.7,1992/10/24,1,10,,,10,0
1992-0554-USA,Ground movement,,USA,6.2,1992/4/22,,32,,,32,1
1993-0035-IRN,Ground movement,,IRN,5.6,1993/6/22,24,49,,4000,4049,0
1993-0044-JPN,Tsunami,,JPN,7.8,1993/7/12,239,233,1620,5502,7355,1
1993-0049-GUM,Ground movement,,GUM,8.1,1993/8/9,,71,,,71,
1993-0056-SDN,Ground movement,,SDN,6.2,1993/8/1,3,15,,,15,0
1993-0074-IND,Ground movement,,IND,6.4,1993/9/29,9748,30000,,,30000,0
1993-0076-PNG,Ground movement,,PNG,7.2,1993/10/13,53,200,10000,10000,20200,0
1993-0086-MEX,Ground movement,,MEX,6.5,1993/10/24,,,,,,0
1993-0097-JPN,Ground movement,,JPN,7.5,1993/1/15,2,722,,9800,10522,1
1993-0108-CHN,Ground movement,,CHN,6.3,1993/1/27,,66,34860,107220,142146,0
1993-0134-WLF,Ground movement,,WLF,6.5,1993/3/13,5,20,,,20,
1993-0136-GRC,Ground movement,,GRC,5.2,1993/3/27,1,16,,1500,1516,0
1993-0144-PER,Ground movement,,PER,5.6,1993/4/18,6,25,,120,145,0
1993-0184-CRI,Ground movement,,CRI,4.4,1993/7/10,3,40,,200,240,0
1993-0480-USA,Ground movement,,USA,5.8,1993/9/21,2,,,3000,3000,1
1993-0490-COL,Ground movement,,COL,6.1,1993/7/22,2,60,,3011,3071,0
1993-0578-IRN,Ground movement,,IRN,5.1,1993/1/27,,3,1000,,1003,0
1993-0579-GRC,Ground movement,,GRC,5.3,1993/7/14,,5,,600,605,0
1993-0580-NPL,Ground movement,,NPL,5.1,1993/10/20,,55,,230,285,0
1993-0581-IND,Ground movement,,IND,4.6,1993/11/12,,25,,500,525,0
1993-0582-CHN,Ground movement,,CHN,5.2,1993/11/30,,4,500,,504,0
1994-0002-USA,Ground movement,,USA,6.6,1994/1/17,60,7000,20000,,27000,1
1994-0006-IDN,Ground movement,,IDN,6.8,1994/1/21,7,40,,200000,200040,0
1994-0007-IDN,Ground movement,,IDN,7.2,1994/2/16,207,1449,10330,37620,49399,0
1994-0040-IRN,Ground movement,,IRN,6.1,1994/2/23,9,,,1500,1500,0
1994-0041-IRN,Ground movement,,IRN,5.6,1994/3/1,3,31,,15010,15041,0
1994-0051-UGA,Ground movement,,UGA,6.2,1994/2/6,7,,,50000,50000,0
1994-0057-AFG,Ground movement,,AFG,6.3,1994/5/1,160,330,,100000,100330,0
1994-0058-BOL,Ground movement,,BOL,7.5,1994/6/9,5,,,,,0
1994-0059-COL,Ground movement,,COL,6.4,1994/6/6,271,158,24797,12461,37416,0
1994-0062-IDN,Ground movement,,IDN,7.2,1994/6/2,239,440,,8280,8720,0
1994-0070-IRN,Ground movement,,IRN,6,1994/6/20,2,100,,,100,0
1994-0076-VUT,Ground movement,,VUT,7.3,1994/8/13,,,,,,0
1994-0196-DZA,Ground movement,,DZA,5.6,1994/8/18,171,289,,12500,12789,0
1994-0307-CHN,Ground movement,,CHN,6.8,1994/9/15,1,500,,,500,0
1994-0316-JPN,Ground movement,,JPN,7.5,1994/12/28,2,285,,,285,1
1994-0342-RUS,Ground movement,,RUS,7.9,1994/10/4,11,242,2100,,2342,0
1994-0343-JPN,Ground movement,,JPN,7.9,1994/10/4,5,1500,,,1500,1
1994-0513-IDN,Ground movement,,IDN,6.3,1994/10/9,1,52,,2385,2437,0
1994-0518-PHL,Ground movement,,PHL,7.1,1994/11/15,81,171,3985,266710,270866,0
1994-0599-USA,Ground movement,,USA,5.3,1994/12/26,,,,225,225,1
1994-0600-CHN,Ground movement,,CHN,6.1,1994/12/31,,360,,5500,5860,0
1994-0642-AUS,Ground movement,,AUS,5.4,1994/8/6,,5,20,5000,5025,1
1994-0652-IDN,Ground movement,,IDN,5.7,1994/11/20,,28,,39,67,0
1994-0767-CHN,Ground movement,,CHN,5.8,1994/1/3,,5,,280,285,0
1994-0768-PHL,Ground movement,,PHL,5.6,1994/5/13,,3,,215,218,0
1995-0015-COL,Ground movement,,COL,6.5,1995/1/19,7,35,250,2560,2845,0
1995-0016-JPN,Ground movement,,JPN,7.2,1995/1/17,5297,34492,251301,255843,541636,1
1995-0030-COL,Ground movement,,COL,6.4,1995/2/8,40,230,3000,11867,15097,0
1995-0034-CYP,Ground movement,,CYP,5.8,1995/2/23,2,5,150,1710,1865,0
1995-0047-ECU,Ground movement,,ECU,5.2,1995/3/26,1,85,,,85,0
1995-0054-COL,Ground movement,,COL,5.1,1995/3/4,8,4,,255,259,0
1995-0055-PHL,Ground movement,,PHL,7.3,1995/4/21,,,,,,0
1995-0084-IDN,Ground movement,,IDN,6.8,1995/5/14,15,26,,150,176,0
1995-0085-GRC,Ground movement,,GRC,6.6,1995/5/13,26,60,,15000,15060,0
1995-0089-IDN,Ground movement,,IDN,5.5,1995/5/19,,38,,1500,1538,0
1995-0097-RUS,Ground movement,,RUS,7.6,1995/5/27,1989,750,,,750,0
1995-0148-CHN,Ground movement,,CHN,7.1,1995/7/12,11,136,,1000000,1000136,0
1995-0148-MMR,Ground movement,,MMR,7.1,1995/7/12,,,,,,0
1995-0148-THA,Ground movement,,THA,7.1,1995/7/12,,,,,,0
1995-0171-CHL,Ground movement,,CHL,7.8,1995/7/30,3,58,575,1200,1833,0
1995-0203-MEX,Ground movement,,MEX,7.2,1995/9/14,6,25,3505,1140,4670,0
1995-0226-ECU,Ground movement,,ECU,6.9,1995/10/2,2,5,600,200,805,0
1995-0233-TUR,Ground movement,,TUR,6.1,1995/10/1,94,240,40000,120000,160240,0
1995-0252-IDN,Ground movement,,IDN,7,1995/10/7,84,1868,35685,52665,90218,0
1995-0253-MEX,Ground movement,,MEX,7.5,1995/10/9,58,100,8770,35595,44465,0
1995-0261-CHN,Ground movement,,CHN,6.1,1995/10/24,46,297,20000,,20297,0
1995-0293-EGY,Ground movement,,EGY,6.2,1995/11/22,10,69,,,69,0
1995-0437-GRC,Ground movement,,GRC,6.3,1995/6/15,26,100,6300,7500,13900,0
1995-0449-JPN,Ground movement,,JPN,5.3,1995/4/1,,39,,1512,1551,1
1995-0454-MEX,Ground movement,,MEX,6.5,1995/10/20,,,,18000,18000,0
1995-0457-CHN,Ground movement,,CHN,5.6,1995/7/21,14,60,5000,,5060,0
1996-0002-IDN,Ground movement,,IDN,7,1996/1/1,9,,13000,,13000,0
1996-0020-AFG,Ground movement,,AFG,,1996/1/31,,,750,2500,3250,0
1996-0021-CHN,Ground movement,,CHN,7,1996/2/3,309,16925,1790870,3270000,5077795,0
1996-0042-PER,Tsunami,,PER,,1996/2/21,7,2,750,,752,0
1996-0061-IDN,Ground movement,,IDN,7.5,1996/2/17,166,423,5090,20125,25638,0
1996-0062-ECU,Ground movement,,ECU,5.7,1996/3/28,27,180,15525,15000,30705,0
1996-0081-CHN,Ground movement,,CHN,6.4,1996/5/3,18,300,,200000,200300,0
1996-0136-CHN,Ground movement,,CHN,6.9,1996/3/19,26,128,33000,,33128,0
1996-0179-GRC,Ground movement,,GRC,5.6,1996/8/6,,,,1500,1500,0
1996-0205-CHN,Ground movement,,CHN,5.7,1996/9/25,,137,,,137,0
1996-0212-HRV,Ground movement,,HRV,6,1996/9/5,,,2000,,2000,0
1996-0261-PER,Ground movement,,PER,7.3,1996/11/12,14,585,20030,55355,75970,0
1996-0461-TUR,Ground movement,,TUR,,1996/8/14,,6,9000,17000,26006,0
1997-0011-CHN,Ground movement,,CHN,5.9,1997/1/21,12,40,70000,85000,155040,0
1997-0017-IRN,Ground movement,,IRN,5.6,1997/2/4,100,2000,27500,55000,84500,0
1997-0028-KGZ,Ground movement,,KGZ,7,1997/1/9,,,30,1200,1230,0
1997-0030-PAK,Ground movement,,PAK,6.3,1997/2/28,50,100,10000,,10100,0
1997-0035-IRN,Ground movement,,IRN,6,1997/2/28,1100,2600,36000,,38600,0
1997-0045-TTO,Ground movement,,TTO,6.5,1997/4/22,,2,15,,17,0
1997-0071-MEX,Ground movement,,MEX,7.3,1997/1/12,1,,,5000,5000,0
1997-0095-AFG,Ground movement,,AFG,6.4,1997/5/10,5,,,,,0
1997-0095-IRN,Ground movement,,IRN,7.3,1997/5/10,1568,2600,,72000,74600,0
1997-0115-IND,Ground movement,,IND,6,1997/5/22,43,1500,30000,125000,156500,0
1997-0116-MEX,Ground movement,,MEX,5.9,1997/5/22,,,,12000,12000,0
1997-0147-VEN,Ground movement,,VEN,6.7,1997/7/9,80,683,3500,,4183,0
1997-0228-ITA,Ground movement,,ITA,5.5,1997/9/26,14,100,38000,,38100,1
1997-0240-IDN,Ground movement,,IDN,6,1997/9/28,20,300,,2805,3105,0
1997-0247-CHL,Ground movement,,CHL,6.8,1997/10/14,8,98,13000,40000,53098,0
1997-0281-BGD,Ground movement,,BGD,5.9,1997/11/22,23,200,,,200,0
1997-0326-CHN,Ground movement,,CHN,6.6,1997/4/6,9,89,,500000,500089,0
1997-0368-ARM,Ground movement,,ARM,4.2,1997/7/18,,,,15000,15000,0
1997-0531-CHN,Ground movement,,CHN,5.2,1997/3/1,2,6,20000,,20006,0
1997-0532-CHN,Ground movement,,CHN,5.8,1997/4/11,9,89,100000,,100089,0
1997-0533-IRN,Ground movement,,IRN,6.2,1997/6/25,,,500,25000,25500,0
1997-0534-ZAF,Ground movement,,ZAF,5,1997/7/21,15,46,,,46,0
1998-0026-AFG,Ground movement,,AFG,5.9,1998/2/4,2323,818,,32000,32818,0
1998-0043-IRN,Ground movement,,IRN,6.6,1998/3/14,5,50,,1450,1500,0
1998-0076-CHN,Ground movement,,CHN,6.2,1998/1/10,49,12000,44000,542000,598000,0
1998-0078-ITA,Ground movement,,ITA,5.2,1998/4/3,,5,,900,905,1
1998-0084-IRN,Ground movement,,IRN,5.8,1998/4/10,12,30,,2905,2935,0
1998-0110-AUT,Ground movement,,AUT,5.7,1998/4/12,,,,,,1
1998-0110-SVN,Ground movement,,SVN,5.7,1998/4/12,,,700,,700,0
1998-0152-AFG,Ground movement,,AFG,6.6,1998/5/30,4700,1935,45000,70000,116935,0
1998-0169-BOL,Ground movement,,BOL,6.6,1998/5/22,95,50,6900,11100,18050,0
1998-0201-TUR,Ground movement,,TUR,6.3,1998/6/28,145,1600,88000,1500000,1589600,0
1998-0206-AZO,Ground movement,,AZO,6.2,1998/7/8,10,100,1000,,1100,
1998-0207-TUR,Ground movement,,TUR,5.1,1998/7/4,,1016,,,1016,0
1998-0215-AZE,Ground movement,,AZE,5.7,1998/7/9,1,10,,700000,700010,0
1998-0220-PNG,Tsunami,,PNG,7,1998/7/17,2182,668,,9199,9867,0
1998-0353-ECU,Ground movement,,ECU,7.2,1998/8/4,3,40,750,1250,2040,0
1998-0384-CHN,Ground movement,,CHN,5.6,1998/11/19,3,1543,23600,312300,337443,0
1998-0385-IRN,Ground movement,,IRN,5.4,1998/11/13,5,105,,4250,4355,0
1998-0403-IDN,Ground movement,,IDN,7.7,1998/11/29,33,88,2560,3800,6448,0
1998-0454-CHN,Ground movement,,CHN,4.5,1998/12/1,,84,,107000,107084,0
1998-0579-AFG,Ground movement,,AFG,6.4,1998/2/20,,,,,,0
1998-0579-PAK,Ground movement,,PAK,6.4,1998/2/20,1,11,600,,611,0
1998-0580-CHN,Ground movement,,CHN,5.4,1998/3/19,,,2000,,2000,0
1998-0581-CHN,Ground movement,,CHN,5.6,1998/5/28,,28,10000,15000,25028,0
1998-0582-CHN,Ground movement,,CHN,6.4,1998/8/27,3,7,18000,93855,111862,0
1998-0583-IDN,Ground movement,,IDN,6.4,1998/9/28,1,,190,310,500,0
1998-0584-ALB,Ground movement,,ALB,5,1998/10/1,,,,2100,2100,0
1998-0585-IRN,Ground movement,,IRN,5.4,1998/10/5,,,,500,500,0
1998-0586-NIC,Ground movement,,NIC,4.4,1998/3/25,,3,10,225,238,0
1998-0587-CHN,Ground movement,,CHN,4.7,1998/10/26,,28,,3500,3528,0
1998-0588-TUR,Ground movement,,TUR,4.5,1998/12/14,2,,100,590,690,0
1999-0016-COL,Ground movement,,COL,6.2,1999/1/25,1186,8563,452370,745000,1205933,0
1999-0047-RUS,Ground movement,,RUS,3.2,1999/2/2,,,240,6000,6240,0
1999-0054-AFG,Ground movement,,AFG,6,1999/2/11,70,500,31275,60185,91960,0
1999-0065-IRN,Ground movement,,IRN,6.6,1999/3/4,1,,70,2620,2690,0
1999-0099-IND,Ground movement,,IND,6.6,1999/3/28,100,394,105500,372000,477894,0
1999-0150-IRN,Ground movement,,IRN,7,1999/5/6,20,100,4000,,4100,0
1999-0196-AZE,Ground movement,,AZE,5.4,1999/6/4,1,18,8400,750,9168,0
1999-0208-MEX,Ground movement,,MEX,6.5,1999/6/15,15,200,,16000,16200,0
1999-0228-BGD,Ground movement,,BGD,5.2,1999/7/22,6,200,15000,,15200,0
1999-0268-TUR,Ground movement,,TUR,7.6,1999/8/17,17127,43953,600000,715000,1358953,0
1999-0302-GRC,Ground movement,,GRC,5.8,1999/9/7,143,2000,108,113031,115139,0
1999-0314-TUR,Ground movement,,TUR,5.8,1999/9/13,6,422,,,422,0
1999-0321-TWN,Ground movement,,TWN,7.7,1999/9/21,2264,8664,100000,,108664,
1999-0360-MEX,Ground movement,,MEX,7.5,1999/9/30,31,215,,115000,115215,0
1999-0376-TUR,Ground movement,,TUR,5.2,1999/10/5,,103,,,103,0
1999-0383-CHN,Ground movement,,CHN,5.1,1999/3/11,,3,1000,15000,16003,0
1999-0384-PER,Ground movement,,PER,6.8,1999/4/3,1,50,,1500,1550,0
1999-0385-MEX,Ground movement,,MEX,6.3,1999/6/21,,,,6500,6500,0
1999-0386-TUR,Ground movement,,TUR,5.2,1999/8/31,1,166,,,166,0
1999-0405-TWN,Ground movement,,TWN,5.9,1999/10/22,1,254,,,254,
1999-0434-PER,Ground movement,,PER,4.4,1999/10/31,,30,1050,5500,6580,0
1999-0445-TUR,Ground movement,,TUR,7.2,1999/11/11,3,200,,,200,0
1999-0449-TUR,Ground movement,,TUR,7.2,1999/11/12,845,4948,55000,165000,224948,0
1999-0455-CHN,Ground movement,,CHN,5.6,1999/11/1,,4,20000,3000000,3020004,0
1999-0524-VUT,Ground movement,,VUT,7.5,1999/11/27,12,100,2000,12000,14100,0
1999-0553-CHN,Ground movement,,CHN,5,1999/11/29,,,,800,800,0
1999-0561-DZA,Ground movement,,DZA,5.6,1999/12/22,22,175,15000,,15175,0
1999-0568-IDN,Ground movement,,IDN,6.5,1999/12/21,5,220,2700,14000,16920,0
1999-0587-IRN,Ground movement,,IRN,5.3,1999/11/26,,,,250,250,0
1999-0601-RUS,Ground movement,,RUS,6.5,1999/2/21,1,20,5000,,5020,0
1999-0638-ESP,Ground movement,,ESP,6.2,1999/2/2,,20,,,20,0
1999-0639-GTM,Ground movement,,GTM,6.7,1999/7/11,2,40,35,205,280,0
1999-0644-PHL,Ground movement,,PHL,7.3,1999/12/12,6,40,,150,190,0
2000-0023-BGD,Ground movement,USGS:usp0009khm,BGD,4.3,2000/1/2,,,,1000,1000,0
2000-0033-CHN,Ground movement,USGS:usp0009m4u,CHN,5.9,2000/1/14,7,2528,92479,1760000,1855007,0
2000-0036-CHN,Ground movement,USGS:usp0009mq6,CHN,4.9,2000/1/26,1,2,,10300,10302,0
2000-0041-CHN,Ground movement,USGS:usp0009m1j,CHN,5.1,2000/1/11,,30,18000,44000,62030,0
2000-0051-IRN,Ground movement,USGS:usp0009mz6,IRN,5.3,2000/2/2,1,15,500,1500,2015,0
2000-0065-IRN,Ground movement,USGS:usp0009ne8,IRN,4.9,2000/2/14,,,,1000,1000,0
2000-0076-ISL,Ground movement,USGS:usp0009ux8,ISL,6.5,2000/6/21,,,36,72,108,1
2000-0081-COL,Ground movement,USGS:usp000a373,COL,6.5,2000/11/8,2,,,430,430,0
2000-0111-MEX,Ground movement,USGS:usp0009y65,MEX,6.5,2000/8/9,,1,,,1,0
2000-0230-IDN,Ground movement,USGS:usp0009sbh,IDN,7.6,2000/5/4,45,270,52500,,52770,0
2000-0272-TUR,Ground movement,USGS:usp0009ska,TUR,4.5,2000/5/7,1,,,1000,1000,0
2000-0291-TUR,Ground movement,USGS:usp0009u3d,TUR,6,2000/6/6,2,80,,23000,23080,0
2000-0293-IDN,Ground movement,USGS:usp0009txx,IDN,6.7,2000/6/4,103,2714,2000,200000,204714,0
2000-0298-CHN,Ground movement,USGS:usp0009u46,CHN,5.6,2000/6/6,,20,80,,100,0
2000-0303-GRC,Ground movement,USGS:usp0009tg5,GRC,5.6,2000/5/26,,,,600,600,0
2000-0335-ISL,Ground movement,USGS:usp0009urh,ISL,6.5,2000/6/17,,1,33,57,91,1
2000-0387-NIC,Ground movement,USGS:usp0009vy1,NIC,5.4,2000/7/6,7,42,5650,1785,7477,0
2000-0428-JPN,Ground movement,USGS:usp0009vhb,JPN,6.1,2000/7/1,1,,,100,100,1
2000-0449-IDN,Ground movement,USGS:usp0009w9p,IDN,5.4,2000/7/12,,124,4000,,4124,0
2000-0480-RUS,Ground movement,USGS:usp0009xws,RUS,6.8,2000/8/4,,8,19100,,19108,0
2000-0527-CHN,Ground movement,USGS:usp0009yvr,CHN,4.9,2000/8/21,1,211,177400,,177611,0
2000-0598-USA,Ground movement,USGS:usp0009zmm,USA,4.9,2000/9/3,,70,104,25000,25174,1
2000-0653-TZA,Ground movement,USGS:usp000a14k,TZA,6.5,2000/10/2,1,6,35,750,791,0
2000-0656-JPN,Ground movement,USGS:usp000a1b0,JPN,6.7,2000/10/6,,130,312,6690,7132,1
2000-0743-TJK,Ground movement,USGS:usp000a2se,TJK,4.8,2000/10/30,,,,6000,6000,0
2000-0749-PNG,Ground movement,USGS:usp000a3qq,PNG,8,2000/11/16,2,,5000,,5000,0
2000-0761-IDN,Ground movement,USGS:usp000a2ck,IDN,6.8,2000/10/25,,,,5500,5500,0
2000-0762-IDN,Ground movement,USGS:usp0009u6r,IDN,6.7,2000/6/7,1,,,3000,3000,0
2000-0769-AZE,Ground movement,USGS:usp000a4xu,AZE,6.8,2000/11/25,31,600,,2694,3294,0
2000-0810-TKM,Ground movement,USGS:usp000a5m7,TKM,7,2000/12/6,11,,,,,0
2001-0005-TZA,Ground movement,USGS:usp0009s0v,TZA,4.3,2001/1/5,,,700,,700,0
2001-0013-SLV,Ground movement,USGS:usp000a7m5,SLV,7.7,2001/1/13,844,4723,,1329806,1334529,0
2001-0023-GTM,Ground movement,USGS:usp000a7m5,GTM,7.7,2001/1/13,6,2,,150,152,0
2001-0033-IND,Ground movement,USGS:usp000a8ds,IND,7.7,2001/1/26,20005,166812,1790000,4365000,6321812,0
2001-0033-PAK,Ground movement,USGS:usp000a8ds,PAK,7.7,2001/1/26,12,100,,914192,914292,0
2001-0042-SLV,Ground movement,USGS:usp000a9jv,SLV,6.6,2001/2/13,315,3399,,252622,256021,0
2001-0064-CHN,Ground movement,USGS:usp000aa5p,CHN,5.6,2001/2/23,3,109,300000,,300109,0
2001-0086-AFG,Ground movement,USGS:usp000aaae,AFG,6.2,2001/2/25,,,,,,0
2001-0099-USA,Ground movement,USGS:uw10530748,USA,6.8,2001/2/28,1,400,,,400,1
2001-0123-JPN,Ground movement,USGS:usp000abyg,JPN,6.8,2001/3/24,2,161,,11100,11261,1
2001-0151-CHN,Ground movement,USGS:usp000ad3a,CHN,5.6,2001/4/12,2,190,,150000,150190,0
2001-0214-CHN,Ground movement,USGS:usp000afdp,CHN,5.5,2001/5/23,2,605,10000,,10605,0
2001-0233-AFG,Ground movement,USGS:usp000afvt,AFG,5,2001/6/1,4,20,250,,270,0
2001-0294-PER,Tsunami,USGS:usp000ah4q,PER,8.4,2001/6/23,145,2713,124865,222400,349978,0
2001-0345-PNG,Ground movement,USGS:usp000ag32,PNG,6.4,2001/6/5,,1,200,,201,0
2001-0358-TUR,Ground movement,USGS:usp000ahe3,TUR,5.5,2001/6/25,,130,,350,480,0
2001-0389-CHN,Ground movement,USGS:usp000ajhn,CHN,4.6,2001/7/14,,,,25000,25000,0
2001-0546-IDN,Ground movement,USGS:usp000ahm8,IDN,5,2001/6/28,,12,,12500,12512,0
2001-0598-CHN,Ground movement,USGS:usp000arq9,CHN,5.6,2001/10/27,1,220,17000,,17220,0
2001-0669-IDN,Ground movement,USGS:usp000a9kc,IDN,7.4,2001/2/13,,,,,,0
2001-0748-TUR,Ground movement,USGS:usp000ajbh,TUR,5.4,2001/7/10,,46,,85,131,0
2001-0749-GRC,Ground movement,USGS:usp000ak5s,GRC,6.5,2001/7/26,,,,300,300,0
2001-0750-IRN,Ground movement,USGS:usp000aqec,IRN,4.9,2001/10/8,,,,1000,1000,0
2001-0751-PER,Ground movement,USGS:usp000atz4,PER,5.8,2001/12/4,2,5,,150,155,0
2001-0754-PER,Ground movement,USGS:usp000am2s,PER,5.8,2001/8/9,4,15,,3950,3965,0
2002-0002-VUT,Ground movement,USGS:usp000avpw,VUT,7.2,2002/1/3,,,,500,500,0
2002-0015-TJK,Ground movement,USGS:usp000aw3f,TJK,5.3,2002/1/9,3,50,,1000,1050,0
2002-0042-RWA,Ground movement,USGS:usp000awns,RWA,4.7,2002/1/17,45,108,,1535,1643,0
2002-0065-TUR,Ground movement,USGS:usp000axp7,TUR,6.5,2002/2/3,42,327,30000,222000,252327,0
2002-0070-PNG,Ground movement,USGS:usp000aw5z,PNG,6.7,2002/1/10,1,,1000,,1000,0
2002-0107-IRN,Ground movement,USGS:usp000ayn7,IRN,5.4,2002/2/17,1,30,,750,780,0
2002-0122-AFG,Ground movement,USGS:usp000azhb,AFG,6.3,2002/3/3,150,13,,3500,3513,0
2002-0122-PAK,Ground movement,USGS:usp000azhb,PAK,6.3,2002/3/3,3,,,,,0
2002-0122-TJK,Ground movement,USGS:usp000azhb,TJK,6.3,2002/3/3,,,500,,500,0
2002-0129-PHL,Ground movement,USGS:usp000azqw,PHL,7.5,2002/3/5,15,100,,73351,73451,0
2002-0172-TWN,Ground movement,USGS:usp000b1e2,TWN,7.1,2002/3/31,4,200,,300,500,
2002-0175-AFG,Ground movement,USGS:usp000b10y,AFG,6.1,2002/3/25,1000,1228,10000,80000,91228,0
2002-0208-AFG,Ground movement,USGS:usp000b283,AFG,5.9,2002/4/12,50,150,,6000,6150,0
2002-0234-SCG,Ground movement,USGS:usp000b324,SCG,5.7,2002/4/24,1,100,,,100,
2002-0246-IRN,Ground movement,USGS:usp000b33c,IRN,5.4,2002/4/24,2,56,,20000,20056,0
2002-0247-GEO,Ground movement,USGS:usp000b35x,GEO,4.8,2002/4/25,6,70,1086,18000,19156,0
2002-0368-ARG,Ground movement,USGS:usp000b53c,ARG,6,2002/5/28,,27,200,500,727,0
2002-0378-IRN,Ground movement,USGS:usp000b6pk,IRN,6.5,2002/6/22,227,1300,,110000,111300,0
2002-0512-IDN,Ground movement,USGS:usp000b9xr,IDN,6.2,2002/8/15,,48,,2500,2548,0
2002-0545-EGY,Ground movement,USGS:usp000baje,EGY,4.4,2002/8/24,,,,250,250,0
2002-0577-PNG,Ground movement,USGS:usp000bbpf,PNG,7.6,2002/9/8,4,70,,4400,4470,0
2002-0584-IND,Ground movement,USGS:usp000bc65,IND,6.5,2002/9/13,2,,200,,200,0
2002-0643-IDN,Tsunami,USGS:usp000be54,IDN,7.6,2002/10/10,8,632,,8450,9082,0
2002-0654-TZA,Ground movement,USGS:usp000b4j1,TZA,5.5,2002/5/18,2,,2000,,2000,0
2002-0655-CHN,Ground movement,USGS:usp000b9h8,CHN,5.3,2002/8/8,,,48,330,378,0
2002-0680-ITA,Ground movement,USGS:usp000bfkj,ITA,4.3,2002/10/29,,9,1000,,1009,1
2002-0690-ITA,Ground movement,USGS:usp000bfqg,ITA,5.9,2002/10/31,30,33,8500,,8533,1
2002-0692-PAK,Ground movement,USGS:usp000bfug,PAK,5.4,2002/11/2,17,65,4000,11000,15065,0
2002-0721-PAK,Ground movement,USGS:usp000bj2e,PAK,6.3,2002/11/20,19,40,,140742,140782,0
2002-0757-GRC,Ground movement,USGS:usp000bjwy,GRC,5.7,2002/12/2,,17,,150,167,1
2002-0770-VUT,Ground movement,USGS:usp000bjhn,VUT,5.9,2002/11/27,,3,,500,503,0
2002-0804-IRN,Ground movement,USGS:usp000bmbe,IRN,5.2,2002/12/24,,15,,15000,15015,0
2002-0820-IDN,Ground movement,USGS:usp000bcqu,IDN,6.4,2002/9/20,,,,155,155,0
2002-0821-IRN,Ground movement,USGS:usp000bd44,IRN,5.6,2002/9/25,,5,,,5,0
2002-0822-IDN,Ground movement,USGS:usp000bfuz,IDN,7.4,2002/11/2,3,60,,,60,0
2002-0835-CHN,Ground movement,USGS:usp000bkpm,CHN,5.6,2002/12/14,2,,,65500,65500,0
2002-0882-ITA,Ground movement,USGS:usp000bbb2,ITA,6,2002/9/6,2,,,,,1
2003-0039-MEX,Ground movement,USGS:usp000bnyr,MEX,7.6,2003/1/22,29,1073,,177530,178603,0
2003-0050-TUR,Ground movement,USGS:usp000bpa1,TUR,6.1,2003/1/27,1,2,,,2,0
2003-0068-IRN,Ground movement,USGS:usp000bndp,IRN,5.2,2003/1/11,,80,3250,6750,10080,0
2003-0069-IDN,Ground movement,USGS:usp000bp0u,IDN,5.5,2003/1/23,,2,,2500,2502,0
2003-0105-CHN,Ground movement,USGS:usp000brbp,CHN,6.3,2003/2/24,268,4000,3000,510000,517000,0
2003-0183-CHN,Ground movement,USGS:usp000bvbg,CHN,6.4,2003/4/17,,,,3300,3300,0
2003-0184-ITA,Ground movement,USGS:usp000buxn,ITA,5,2003/4/11,,2,,230,232,1
2003-0197-TUR,Ground movement,USGS:usp000bwbc,TUR,6.4,2003/5/1,177,520,45000,245000,290520,0
2003-0209-CHN,Ground movement,USGS:usp000bwm1,CHN,5.8,2003/5/4,1,3,8000,,8003,0
2003-0236-AFG,Ground movement,USGS:usp000buvh,AFG,4.6,2003/4/10,1,1,1000,,1001,0
2003-0245-DZA,Ground movement,USGS:usp000bxpg,DZA,6.8,2003/5/21,2266,10261,200000,,210261,0
2003-0249-JPN,Ground movement,USGS:usp000by66,JPN,7,2003/5/26,,143,,2160,2303,1
2003-0254-IDN,Ground movement,USGS:usp000by7n,IDN,7,2003/5/27,1,7,140,100,247,0
2003-0255-DZA,Ground movement,USGS:usp000byae,DZA,5.8,2003/5/27,9,200,,,200,0
2003-0259-KAZ,Ground movement,USGS:usp000bxvn,KAZ,5.5,2003/5/23,3,626,,36000,36626,0
2003-0322-IRN,Ground movement,USGS:usp000c1jh,IRN,5.2,2003/7/3,,1,,1090,1091,0
2003-0348-CHN,Ground movement,USGS:usp000c30u,CHN,6,2003/7/21,16,584,45000,1250000,1295584,0
2003-0354-JPN,Ground movement,USGS:usp000c3ay,JPN,5.5,2003/7/25,,569,219,17403,18191,1
2003-0400-GRC,Ground movement,USGS:usp000c4tt,GRC,6.3,2003/8/14,,50,,,50,1
2003-0402-CHN,Ground movement,USGS:usp000c534,CHN,5.4,2003/8/16,4,1000,39500,415000,455500,0
2003-0411-PAN,Ground movement,USGS:usp000c4rd,PAN,5.4,2003/8/13,,,340,,340,0
2003-0414-IDN,Ground movement,USGS:usp000c4kv,IDN,6,2003/8/11,,,,500,500,0
2003-0438-IRN,Ground movement,USGS:usp000c251,IRN,5.8,2003/7/10,1,25,17500,,17525,0
2003-0452-BGD,Ground movement,USGS:usp000c3ex,BGD,5.7,2003/7/26,2,25,,2500,2525,0
2003-0476-JPN,Ground movement,USGS:usp000c8mb,JPN,7.4,2003/9/25,2,773,,,773,1
2003-0477-DOM,Ground movement,USGS:usp000c89d,DOM,6.4,2003/9/22,3,15,,2000,2015,0
2003-0497-RUS,Ground movement,USGS:usp000c8sz,RUS,7.3,2003/9/27,3,5,1800,,1805,0
2003-0509-CHN,Ground movement,USGS:usp000cagn,CHN,5.6,2003/10/16,3,56,,60000,60056,0
2003-0519-CHN,Ground movement,USGS:usp000cb84,CHN,5.8,2003/10/25,9,43,225000,50000,275043,0
2003-0546-CHN,Ground movement,USGS:usp000ccrh,CHN,5.1,2003/11/13,1,126,5000,18243,23369,0
2003-0547-CHN,Ground movement,USGS:usp000ccvr,CHN,5.6,2003/11/14,4,65,3000,490000,493065,0
2003-0582-CHN,Ground movement,USGS:usp000ce8k,CHN,6,2003/12/1,11,73,2435,3510,6018,0
2003-0596-CHN,Ground movement,USGS:usp000cdxz,CHN,4.7,2003/11/26,,4,,10000,10004,0
2003-0623-USA,Ground movement,,USA,6.5,2003/12/22,2,40,120,,160,1
2003-0628-CRI,Ground movement,USGS:usp000cfzw,CRI,6.5,2003/12/25,2,75,,60,135,0
2003-0628-PAN,Ground movement,USGS:usp000cfzw,PAN,6.5,2003/12/25,2,75,,1000,1075,0
2003-0630-IRN,Ground movement,USGS:usp000cg2d,IRN,6.6,2003/12/26,26796,22628,45000,200000,267628,0
2003-0648-TUR,Ground movement,USGS:usp000c3c6,TUR,4.5,2003/7/26,,,,240,240,0
2003-0649-IRN,Ground movement,USGS:usp000cf1c,IRN,5,2003/12/11,,5,10,710,725,0
2003-0783-TUR,Ground movement,USGS:usp000buu9,TUR,5.8,2003/4/10,,170,,,170,0
2004-0001-IDN,Ground movement,USGS:usp000cgss,IDN,5.8,2004/1/1,1,40,,30000,30040,0
2004-0011-DZA,Ground movement,USGS:usp000chm5,DZA,4.5,2004/1/10,,300,,,300,0
2004-0040-IDN,Ground movement,USGS:usp000ckg7,IDN,7,2004/2/5,37,682,,13390,14072,0
2004-0054-PAK,Ground movement,USGS:usp000cm59,PAK,5.5,2004/2/14,24,63,2320,10765,13148,0
2004-0073-MAR,Ground movement,USGS:usp000cmxe,MAR,6.4,2004/2/24,628,926,12539,,13465,0
2004-0088-IDN,Ground movement,USGS:usp000cmbk,IDN,5.1,2004/2/16,5,7,,500,507,0
2004-0126-CHN,Ground movement,USGS:usp000cqr9,CHN,5.5,2004/3/24,,100,,190000,190100,0
2004-0127-TUR,Ground movement,USGS:usp000cqvt,TUR,5.6,2004/3/25,9,30,,4000,4030,0
2004-0132-TUR,Ground movement,USGS:usp000cr2z,TUR,5.6,2004/3/28,,30,,32500,32530,0
2004-0147-TJK,Ground movement,USGS:usp000cy53,TJK,4.3,2004/4/1,,,,180,180,0
2004-0234-IRN,Ground movement,USGS:usp000cwf9,IRN,6.3,2004/5/28,35,278,,220,498,0
2004-0250-RUS,Ground movement,USGS:usp000cwkb,RUS,4.9,2004/5/31,,,,138,138,0
2004-0308-TUR,Ground movement,USGS:usp000czcr,TUR,5.1,2004/7/1,18,21,,335,356,0
2004-0406-CHN,Ground movement,USGS:usp000d1w5,CHN,5.4,2004/8/10,4,600,120000,,120600,0
2004-0426-COL,Ground movement,USGS:usp000d2cd,COL,5.1,2004/8/18,1,2,500,,502,0
2004-0436-AFG,Ground movement,USGS:usp000d0du,AFG,5.2,2004/7/18,2,40,1000,,1040,0
2004-0522-CHN,Ground movement,USGS:usp000d6mj,CHN,4.8,2004/10/18,,12,,100000,100012,0
2004-0532-JPN,Ground movement,USGS:usp000d6vk,JPN,6.6,2004/10/23,40,3183,,59000,62183,1
2004-0562-IDN,Ground movement,USGS:usp000d85g,IDN,7.5,2004/11/11,33,311,,83070,83381,0
2004-0571-CHN,Ground movement,USGS:usp000d3us,CHN,5.2,2004/9/7,,19,3000,19000,22019,0
2004-0575-COL,Ground movement,USGS:usp000d8gx,COL,7.2,2004/11/15,,20,,8016,8036,0
2004-0582-DMA,Ground movement,USGS:usp000d8w3,DMA,6.3,2004/11/21,,,,100,100,0
2004-0582-GLP,Ground movement,USGS:usp000d8w3,GLP,6.3,2004/11/21,1,13,40,100,153,
2004-0599-CRI,Ground movement,USGS:usp000d8tf,CRI,6.4,2004/11/20,8,,25,255,280,0
2004-0607-IDN,Ground movement,USGS:usp000d975,IDN,7.1,2004/11/26,32,213,,12620,12833,0
2004-0620-DZA,Ground movement,USGS:usp000d9r7,DZA,4.5,2004/12/1,,15,,,15,0
2004-0659-BGD,Tsunami,,BGD,9.1,2004/12/26,2,,,,,0
2004-0659-IDN,Tsunami,,IDN,9.1,2004/12/26,165708,,532898,,532898,0
2004-0659-IND,Tsunami,,IND,9.1,2004/12/26,16389,6913,,647599,654512,0
2004-0659-KEN,Tsunami,,KEN,9.1,2004/12/26,1,,,,,0
2004-0659-LKA,Tsunami,,LKA,9.1,2004/12/26,35399,23176,480000,516130,1019306,0
2004-0659-MDV,Tsunami,,MDV,9.1,2004/12/26,102,2214,13000,12000,27214,0
2004-0659-MMR,Tsunami,,MMR,9.1,2004/12/26,71,,3200,12500,15700,0
2004-0659-MYS,Tsunami,,MYS,9.1,2004/12/26,80,767,4296,,5063,0
2004-0659-SOM,Tsunami,,SOM,9.1,2004/12/26,298,283,,104800,105083,0
2004-0659-SYC,Tsunami,,SYC,9.1,2004/12/26,3,,70,4760,4830,0
2004-0659-THA,Tsunami,,THA,9.1,2004/12/26,8345,8457,,58550,67007,0
2004-0659-TZA,Tsunami,,TZA,9.1,2004/12/26,10,,,,,0
2004-0669-DEU,Ground movement,USGS:usp000da1z,DEU,4.8,2004/12/5,,,,150,150,1
2004-0670-SVN,Ground movement,USGS:usp000d00p,SVN,5.2,2004/7/12,1,5,,600,605,1
2004-0671-BDI,Ground movement,USGS:usp000cmxd,BDI,4.7,2004/2/24,3,,120,,120,0
2004-0680-CHN,Ground movement,USGS:usp000cu4k,CHN,5.5,2004/5/4,,,4199,,4199,0
2005-0016-IRN,Ground movement,USGS:usp000dd01,IRN,5.4,2005/1/10,,110,,,110,0
2005-0031-IDN,Ground movement,USGS:usp000de4m,IDN,6.3,2005/1/23,1,4,,680,684,0
2005-0070-TUR,Ground movement,USGS:usp000debc,TUR,5.9,2005/1/25,2,22,,400,422,0
2005-0092-IRN,Ground movement,USGS:usp000dgpx,IRN,6.4,2005/2/22,612,1411,,93355,94766,0
2005-0126-TUR,Ground movement,USGS:usp000dj5f,TUR,5.8,2005/3/14,,18,,2250,2268,0
2005-0129-JPN,Ground movement,USGS:usp000djku,JPN,6.6,2005/3/20,1,735,,2800,3535,1
2005-0132-ZAF,Ground movement,USGS:usp000dhva,ZAF,5,2005/3/9,2,58,,,58,0
2005-0160-IDN,Ground movement,,IDN,8.6,2005/3/28,915,1146,,104167,105313,0
2005-0211-JPN,Ground movement,USGS:usp000dnsk,JPN,5.5,2005/4/19,,58,,837,895,1
2005-0240-SLV,Ground movement,USGS:usp000dpwb,SLV,4.8,2005/5/5,1,1,,750,751,0
2005-0321-CHL,Ground movement,USGS:usp000dsw1,CHL,7.8,2005/6/13,11,182,,27463,27645,0
2005-0321-PER,Ground movement,USGS:usp000dsw1,PER,7.8,2005/6/13,,,,,,0
2005-0328-PNG,Ground movement,USGS:usp000ds6y,PNG,6.1,2005/6/4,1,,200,,200,0
2005-0329-TUR,Ground movement,USGS:usp000dsbj,TUR,5.6,2005/6/6,,54,,300,354,0
2005-0558-PER,Ground movement,USGS:usp000e09h,PER,7.5,2005/9/26,5,59,,2446,2505,0
2005-0575-AFG,Ground movement,USGS:usp000e12e,AFG,7.6,2005/10/8,1,,,,,0
2005-0575-IND,Ground movement,USGS:usp000e12e,IND,7.6,2005/10/8,1309,6622,150000,,156622,0
2005-0575-PAK,Ground movement,USGS:usp000e12e,PAK,7.6,2005/10/8,73338,128309,5000000,,5128309,0
2005-0651-CHN,Ground movement,USGS:usp000e4wu,CHN,5.2,2005/11/26,16,8000,,607500,615500,0
2005-0654-IRN,Ground movement,USGS:usp000e501,IRN,5.9,2005/11/27,13,100,,,100,0
2005-0671-COD,Ground movement,USGS:usp000e5jx,COD,6.8,2005/12/5,6,5,1500,,1505,0
2005-0671-TZA,Ground movement,USGS:usp000e5jx,TZA,6.8,2005/12/5,2,,,5000,5000,0
2005-0686-AFG,Ground movement,USGS:usp000e61s,AFG,6.5,2005/12/13,5,1,,500,501,0
2005-0738-IRN,Ground movement,USGS:usp000dj38,IRN,6,2005/3/13,,,,21912,21912,0
2005-0740-CHN,Ground movement,USGS:usp000dwrc,CHN,5.2,2005/8/5,,9,,18500,18509,0
2006-0061-CHN,Ground movement,USGS:usp000e82j,CHN,4.6,2006/1/12,,1,68760,,68761,0
2006-0100-MOZ,Ground movement,USGS:usp000eamh,MOZ,7,2006/2/22,4,36,1440,,1476,0
2006-0123-IRN,Ground movement,USGS:usp000eb19,IRN,6,2006/2/28,,6,,7000,7006,0
2006-0148-BGR,Ground movement,USGS:usp000eaez,BGR,4.6,2006/2/20,,2,,525,527,0
2006-0149-DZA,Ground movement,USGS:usp000ecjv,DZA,5.2,2006/3/20,4,9,150,160,319,0
2006-0153-IRN,Ground movement,USGS:usp000edad,IRN,6.1,2006/3/31,63,1418,,160000,161418,0
2006-0214-RUS,Ground movement,USGS:usp000ef1h,RUS,7.6,2006/4/20,,40,,12000,12040,0
2006-0231-IDN,Tsunami,USGS:usp000ec4d,IDN,6.7,2006/3/14,3,2,,1200,1202,0
2006-0239-IRN,Ground movement,USGS:usp000egfm,IRN,5,2006/5/7,,70,,,70,0
2006-0279-IDN,Ground movement,USGS:usp000ej1c,IDN,6.3,2006/5/26,5778,137883,699295,2340745,3177923,0
2006-0372-IDN,Tsunami,USGS:usp000ensm,IDN,7.7,2006/7/17,802,543,,35000,35543,0
2006-0397-CHN,Ground movement,USGS:usp000ep9q,CHN,4.9,2006/7/22,22,106,75000,190000,265106,0
2006-0405-AFG,Ground movement,USGS:usp000epsz,AFG,5.6,2006/7/29,1,,195,740,935,0
2006-0405-TJK,Ground movement,USGS:usp000epsz,TJK,5.6,2006/7/29,3,19,,15408,15427,0
2006-0464-CHN,Ground movement,USGS:usp000ekvx,CHN,4.9,2006/6/20,,5,,125,130,0
2006-0475-CHN,Ground movement,USGS:usp000erq0,CHN,5,2006/8/25,1,31,,45520,45551,0
2006-0586-CHN,Ground movement,USGS:usp000ew4d,CHN,4.5,2006/10/27,,,,20000,20000,0
2006-0620-CHN,Ground movement,USGS:usp000ewhk,CHN,4.7,2006/11/3,,,,12000,12000,0
2006-0678-IDN,Ground movement,USGS:usp000f0er,IDN,5.8,2006/12/17,8,200,,1000,1200,0
2006-0688-TWN,Ground movement,USGS:usp000f114,TWN,7.1,2006/12/26,2,42,,,42,
2006-0694-KGZ,Ground movement,USGS:usp000f0zk,KGZ,5.8,2006/12/26,,,50,12000,12050,0
2006-0699-SLV,Ground movement,USGS:usp000f0mk,SLV,4.1,2006/12/17,,,,16470,16470,0
2006-0704-USA,Ground movement,USGS:usp000ev94,USA,6.7,2006/10/15,,10,,3519,3529,1
2006-0705-IDN,Ground movement,USGS:usp000ez9y,IDN,6.3,2006/12/1,1,14,100,,114,0
2007-0087-IDN,Ground movement,GLIDE:EQ-2007-000033|USGS:usp000f660,IDN,6.3,2007/3/6,67,826,,136834,137660,0
2007-0101-JPN,Ground movement,GLIDE:EQ-2007-000039|USGS:usp000f7b5,JPN,6.7,2007/3/25,1,359,40668,,41027,1
2007-0127-SLB,Tsunami,USGS:usp000f83m,SLB,8.1,2007/4/1,52,9,,2375,2384,0
2007-0158-CHL,Tsunami,USGS:usp000fa97,CHL,6.2,2007/4/21,10,,,,,0
2007-0217-CHN,Ground movement,GLIDE:EQ-2007-000074|USGS:usp000fd8a,CHN,6.1,2007/6/2,3,329,,,329,0
2007-0258-JPN,Ground movement,GLIDE:EQ-2007-000102|USGS:usp000fg9t,JPN,6.6,2007/7/16,9,1000,,13000,14000,1
2007-0287-TJK,Ground movement,GLIDE:EQ-2007-000108|USGS:usp000fgtx,TJK,5.2,2007/7/21,11,3,,7000,7003,0
2007-0334-RUS,Ground movement,GLIDE:EQ-2007-000119|USGS:usp000fhn0,RUS,6.2,2007/8/2,2,12,,25000,25012,0
2007-0362-PER,Ground movement,GLIDE:EQ-2007-000133|USGS:usp000fjta,PER,8,2007/8/15,593,1366,,656965,658331,0
2007-0433-COL,Ground movement,USGS:usp000fmtk,COL,6.8,2007/9/10,,5,,170,175,0
2007-0440-IDN,Ground movement,GLIDE:EQ-2007-000157,IDN,8.4,2007/9/12,25,82,36800,422685,459567,0
2007-0461-HND,Ground movement,GLIDE:EQ-2007-000166|USGS:usp000fnc9,HND,5.3,2007/9/15,,18,1865,,1883,0
2007-0485-IDN,Ground movement,USGS:usp000fmst,IDN,4.9,2007/9/9,,19,,450,469,0
2007-0565-IDN,Ground movement,GLIDE:EQ-2007-000218|USGS:usp000ft98,IDN,6.5,2007/11/25,3,1800,,20000,21800,0
2007-0572-BRB,Ground movement,GLIDE:EQ-2007-000218|USGS:usp000ftj1,BRB,7.4,2007/11/29,,1,,,1,0
2007-0572-LCA,Ground movement,GLIDE:EQ-2007-000218|USGS:usp000ftj1,LCA,7.4,2007/11/29,,,,,,0
2007-0572-MTQ,Ground movement,GLIDE:EQ-2007-000218|USGS:usp000ftj1,MTQ,7.4,2007/11/29,1,100,,,100,
2007-0587-CHL,Ground movement,GLIDE:EQ-2007-000207|USGS:usp000fshy,CHL,7.7,2007/11/14,2,155,,25000,25155,0
2007-0653-BRA,Ground movement,USGS:usp000fu34,BRA,4.9,2007/12/9,1,6,,280,286,0
2007-0654-JPN,Ground movement,USGS:usp000f9rr,JPN,5.1,2007/4/15,,12,,189,201,1
2007-0692-GBR,Ground movement,USGS:usp000fase,GBR,4.6,2007/4/28,,1,,4500,4501,1
2008-0001-KGZ,Ground movement,GLIDE:EQ-2008-000002|USGS:usp000fvrz,KGZ,5.6,2008/1/13,,,,3000,3000,0
2008-0040-COD,Ground movement,GLIDE:EQ-2008-000017|USGS:usp000fy21,COD,5.9,2008/2/3,11,,,17355,17355,0
2008-0040-RWA,Ground movement,GLIDE:EQ-2008-000017|USGS:usp000fy21,RWA,5.9,2008/2/3,36,643,,,643,0
2008-0071-IDN,Ground movement,GLIDE:EQ-2008-000028|USGS:usp000fzau,IDN,7.4,2008/2/20,3,25,,,25,0
2008-0099-USA,Ground movement,USGS:nn00234425,USA,5.9,2008/2/21,,3,,2100,2103,1
2008-0178-IRN,Ground movement,USGS:usp000g57j,IRN,4.5,2008/5/1,,170,,,170,0
2008-0192-CHN,Ground movement,GLIDE:EQ-2008-000062|USGS:usp000g650,CHN,7.9,2008/5/12,87476,366596,,45610000,45976596,0
2008-0226-GRC,Ground movement,USGS:usp000g8vs,GRC,6.4,2008/6/8,2,240,,3468,3708,1
2008-0242-JPN,Ground movement,GLIDE:EQ-2008-000087|USGS:usp000g9h6,JPN,6.9,2008/6/13,23,448,,,448,1
2008-0275-JPN,Ground movement,GLIDE:EQ-2008-000115|USGS:usp000gczp,JPN,6.8,2008/7/23,1,200,,270,470,1
2008-0325-CHN,Ground movement,USGS:usp000gdw4,CHN,6,2008/8/5,4,29,13500,,13529,0
2008-0355-CHN,Ground movement,USGS:usp000gf5p,CHN,6,2008/8/21,6,160,,,160,0
2008-0374-CHN,Ground movement,GLIDE:EQ-2008-000149|USGS:usp000gg00,CHN,6,2008/8/30,40,589,50000,950000,1000589,0
2008-0401-IRN,Ground movement,USGS:usp000ggsg,IRN,6.1,2008/9/10,6,45,,20500,20545,0
2008-0403-IDN,Ground movement,USGS:usp000ggpt,IDN,5.2,2008/9/9,2,60,,565,625,0
2008-0454-KGZ,Ground movement,GLIDE:EQ-2008-000181|USGS:usp000gjd4,KGZ,6.7,2008/10/5,74,142,1055,,1197,0
2008-0455-CHN,Ground movement,USGS:usp000gjgt,CHN,6.3,2008/10/6,30,19,735,,754,0
2008-0476-RUS,Ground movement,USGS:usp000gjy6,RUS,5.8,2008/10/11,13,100,,5135,5235,0
2008-0500-PAK,Ground movement,GLIDE:EQ-2008-000206|USGS:usp000gm8g,PAK,6.4,2008/10/28,166,320,,75000,75320,0
2008-0536-IDN,Ground movement,USGS:usp000gnur,IDN,7.4,2008/11/16,6,77,,10000,10077,0
2008-0588-CHN,Ground movement,USGS:usp000grfr,CHN,4.8,2008/12/25,,19,150,27000,27169,0
2008-0649-COL,Ground movement,USGS:usp000g7p6,COL,5.9,2008/5/24,11,54,1700,,1754,0
2008-0650-CHN,Ground movement,USGS:usp000g7r4,CHN,6.1,2008/5/25,8,1000,350000,,351000,0
2009-0001-IDN,Ground movement,USGS:usp000gs2d,IDN,7.7,2009/1/3,5,250,,4000,4250,0
2009-0002-CRI,Ground movement,GLIDE:EQ-2009-000009|USGS:usp000gscg,CRI,6.1,2009/1/8,31,91,,128527,128618,0
2009-0059-CHN,Ground movement,USGS:usp000gt2t,CHN,5.1,2009/1/25,,,,4549,4549,0
2009-0112-IDN,Ground movement,USGS:usp000gtnc,IDN,7.2,2009/2/11,,64,,2985,3049,0
2009-0136-ITA,Ground movement,GLIDE:EQ-2009-000072|USGS:usp000gvtu,ITA,6.3,2009/4/6,295,1000,55000,,56000,1
2009-0156-AFG,Ground movement,USGS:usp000gw84,AFG,5.2,2009/4/16,22,59,3250,,3309,0
2009-0205-HND,Ground movement,GLIDE:EQ-2009-000108|USGS:usp000gxkj,HND,7.3,2009/5/28,7,136,,50000,50136,0
2009-0249-CHN,Ground movement,GLIDE:EQ-2009-000130|USGS:usp000gz2j,CHN,5.7,2009/7/9,1,336,50000,15000,65336,0
2009-0320-JPN,Tsunami,USGS:usp000h05y,JPN,6.2,2009/8/10,1,319,,25000,25319,1
2009-0354-IDN,Ground movement,GLIDE:TS-2009-000173|USGS:usp000h152,IDN,7,2009/9/2,128,1442,,338350,339792,0
2009-0366-ALB,Ground movement,USGS:usp000h19n,ALB,5.5,2009/9/7,,,150,,150,0
2009-0388-GEO,Ground movement,GLIDE:EQ-2009-000191|USGS:usp000h1ar,GEO,6,2009/9/7,,6,,7300,7306,0
2009-0404-PHL,Ground movement,USGS:usp000h1mu,PHL,5.7,2009/9/18,,2,10,380,392,0
2009-0406-BTN,Ground movement,USGS:usp000h1r4,BTN,8.1,2009/9/21,11,12,,,12,0
2009-0420-ASM,Tsunami,GLIDE:TS-2009-000210|USGS:usp000h1ys,ASM,8.1,2009/9/29,34,,,2500,2500,
2009-0420-TON,Tsunami,GLIDE:TS-2009-000210|USGS:usp000h1ys,TON,8.1,2009/9/29,9,7,,500,507,0
2009-0420-WSM,Tsunami,GLIDE:TS-2009-000210|USGS:usp000h1ys,WSM,8.1,2009/9/29,148,310,,5274,5584,0
2009-0421-IDN,Ground movement,GLIDE:TS-2009-000211|USGS:usp000h237,IDN,6.6,2009/9/30,1195,1798,,2500000,2501798,0
2009-0479-IDN,Ground movement,USGS:usp000h3vc,IDN,7.6,2009/11/8,2,100,,1410,1510,0
2009-0493-IRN,Ground movement,USGS:usp000h3qd,IRN,5,2009/11/3,,269,,,269,0
2009-0547-MWI,Ground movement,GLIDE:EQ-2009-000257|USGS:usp000h4v7,MWI,5.9,2009/12/8,1,15,15000,,15015,0
2009-0573-MWI,Ground movement,USGS:usp000h56x,MWI,6,2009/12/20,3,171,5550,,5721,0
2010-0002-TJK,Ground movement,GLIDE:EQ-2010-000001,TJK,5.4,2010/1/2,,,1134,6706,7840,0
2010-0003-SLB,Ground movement,USGS:usp000h5np,SLB,7.1,2010/1/3,,1,,1125,1126,0
2010-0017-HTI,Ground movement,GLIDE:EQ-2010-000009,HTI,7,2010/1/12,222570,300000,,3400000,3700000,0
2010-0018-IRN,Ground movement,USGS:usp000h678,IRN,5,2010/1/16,,,,750,750,0
2010-0027-USA,Ground movement,USGS:usp000h5we,USA,6.5,2010/1/10,,30,,600,630,1
2010-0064-CHN,Ground movement,USGS:usp000h6t0,CHN,5.1,2010/1/30,1,15,500,10000,10515,0
2010-0087-CHN,Ground movement,USGS:usp000h7nu,CHN,5.2,2010/2/25,,11,,50000,50011,0
2010-0091-CHL,Tsunami,GLIDE:EQ-2010-000034,CHL,8.8,2010/2/27,562,10334,800000,1861222,2671556,0
2010-0093-TUR,Ground movement,USGS:usp000h8x1,TUR,6.1,2010/3/8,51,100,,3500,3600,0
2010-0158-MEX,Ground movement,USGS:ci14607652,MEX,7.2,2010/4/4,2,232,,25000,25232,0
2010-0169-CHN,Ground movement,GLIDE:EQ-2010-000073|USGS:usp000hbbt,CHN,6.9,2010/4/14,2968,12000,100000,,112000,0
2010-0238-IDN,Ground movement,USGS:usp000he3f,IDN,7,2010/6/16,17,,4600,,4600,0
2010-0361-IRN,Ground movement,USGS:usp000hh5v,IRN,5.5,2010/7/30,,274,,,274,0
2010-0363-IRN,Ground movement,USGS:usp000hg74,IRN,5.8,2010/7/20,1,32,,,32,0
2010-0463-NZL,Ground movement,USGS:usp000hk46,NZL,7,2010/9/4,,2,,300000,300002,1
2010-0563-IDN,Tsunami,GLIDE:EQ-2010-000213|USGS:usp000hnj4,IDN,7.8,2010/10/25,530,412,,11452,11864,0
2010-0574-SRB,Ground movement,GLIDE:EQ-2010-000218,SRB,5.5,2010/11/3,2,120,1470,25440,27030,0
2010-0591-IRN,Ground movement,USGS:usp000hp6h,IRN,4.9,2010/11/6,,104,,,104,0
2010-0645-IRN,Ground movement,USGS:usp000hr7k,IRN,6.7,2010/12/20,7,25,,,25,0
2010-0667-CHN,Ground movement,USGS:usp000h682,CHN,4.4,2010/1/17,8,9,,,9,0
2010-0668-TWN,Ground movement,USGS:usp000h8nd,TWN,6.3,2010/3/4,,96,,,96,
2010-0669-AFG,Ground movement,USGS:usp000hbmk,AFG,5.6,2010/4/18,11,70,1000,,1070,0
2010-0672-IRN,Ground movement,USGS:usp000hjuq,IRN,5.8,2010/8/27,3,100,3500,,3600,0
2010-0673-CHN,Ground movement,USGS:usp000hjw4,CHN,4.9,2010/8/29,,14,,5000,5014,0
2011-0030-CHN,Ground movement,USGS:usp000htxw,CHN,4.8,2011/2/1,,1,64500,,64501,0
2011-0068-NZL,Ground movement,GLIDE:EQ-2011-000024|USGS:usp000huvq,NZL,6.1,2011/2/22,181,1500,,300000,301500,1
2011-0079-CHN,Ground movement,USGS:usp000hvm3,CHN,5.5,2011/3/10,25,250,5190,,5440,0
2011-0082-IDN,Tsunami,,IDN,9.1,2011/3/11,1,,95,,95,0
2011-0082-JPN,Tsunami,,JPN,9.1,2011/3/11,19846,5933,,362887,368820,1
2011-0090-CHN,Ground movement,GLIDE:EQ-2011-000031|USGS:usp000hyfx,CHN,6.9,2011/3/24,,12,,9496,9508,0
2011-0090-MMR,Ground movement,GLIDE:EQ-2011-000031|USGS:usp000hyfx,MMR,6.9,2011/3/24,74,125,3152,18000,21277,0
2011-0090-THA,Ground movement,GLIDE:EQ-2011-000031|USGS:usp000hyfx,THA,6.9,2011/3/24,1,16,,,16,0
2011-0104-PAK,Ground movement,USGS:usp000htb4,PAK,7.2,2011/1/18,2,,,1000,1000,0
2011-0130-JPN,Ground movement,USGS:usp000hzf6,JPN,7.1,2011/4/7,2,132,,,132,1
2011-0159-ESP,Ground movement,USGS:usp000j1en,ESP,5.1,2011/5/11,10,300,15000,,15300,0
2011-0170-TUR,Ground movement,USGS:usp000j1up,TUR,5.8,2011/5/19,3,121,10000,,10121,0
2011-0243-KGZ,Ground movement,USGS:usp000j560,KGZ,6.1,2011/7/19,,,,,,0
2011-0243-TJK,Ground movement,USGS:usp000j560,TJK,6.1,2011/7/19,,,,,,0
2011-0243-UZB,Ground movement,USGS:usp000j560,UZB,6.1,2011/7/19,13,,,86,86,0
2011-0351-BTN,Ground movement,GLIDE:EQ-2011-000136|USGS:usp000j88b,BTN,6.9,2011/9/18,1,16,,20000,20016,0
2011-0351-CHN,Ground movement,GLIDE:EQ-2011-000136|USGS:usp000j88b,CHN,6.9,2011/9/18,7,136,5000,,5136,0
2011-0351-IND,Ground movement,GLIDE:EQ-2011-000136|USGS:usp000j88b,IND,6.9,2011/9/18,112,200,75000,500000,575200,0
2011-0351-NPL,Ground movement,GLIDE:EQ-2011-000136|USGS:usp000j88b,NPL,6.9,2011/9/18,7,89,,167860,167949,0
2011-0373-GTM,Ground movement,USGS:usp000j89y,GTM,5.6,2011/9/19,3,,,400,400,0
2011-0387-CHN,Ground movement,USGS:usp000j2v0,CHN,5.1,2011/6/8,,8,,250,258,0
2011-0388-NZL,Ground movement,USGS:usp000j33b,NZL,5.9,2011/6/13,1,45,300,,345,1
2011-0389-IDN,Ground movement,USGS:usp000j7nn,IDN,6.7,2011/9/5,10,,,,,0
2011-0397-TUR,Ground movement,GLIDE:EQ-2011-000162|USGS:usp000j9rr,TUR,7.1,2011/10/23,604,4152,22000,6786,32938,0
2011-0411-CHN,Ground movement,USGS:usp000ja68,CHN,5.6,2011/11/1,,,,143000,143000,0
2011-0443-PER,Ground movement,USGS:usp000ja1p,PER,6.9,2011/10/28,1,106,1705,870,2681,0
2011-0445-PHL,Ground movement,USGS:usp000jagw,PHL,4.9,2011/11/7,,3,,25,28,0
2011-0467-TUR,Ground movement,USGS:usp000jamz,TUR,5.6,2011/11/9,40,30,75,,105,0
2011-0512-MEX,Ground movement,USGS:usp000jc1y,MEX,6.5,2011/12/11,2,2,,150,152,0
2011-0601-CHN,Ground movement,USGS:usp000j6a4,CHN,5.6,2011/8/11,,26,735,855,1616,0
2012-0020-PER,Ground movement,USGS:usp000je5n,PER,6.4,2012/1/30,,145,1385,2905,4435,0
2012-0031-PHL,Ground movement,GLIDE:EQ-2012-000018|USGS:usp000jejw,PHL,6.7,2012/2/6,113,112,,320165,320277,0
2012-0097-IDN,Ground movement,,IDN,8.6,2012/4/11,7,107,,,107,0
2012-0124-MEX,Ground movement,USGS:usp000jghj,MEX,7.4,2012/3/20,2,11,4000,45000,49011,0
2012-0126-CHL,Ground movement,USGS:usp000jgsw,CHL,7.1,2012/3/25,1,14,,24283,24297,0
2012-0142-ITA,Ground movement,USGS:usp000jkn8,ITA,6,2012/5/20,7,50,,11000,11050,1
2012-0151-TJK,Ground movement,GLIDE:EQ-2012-000082|USGS:usp000jkc4,TJK,5.7,2012/5/13,2,,,2531,2531,0
2012-0152-BGR,Ground movement,GLIDE:EQ-2012-000086|USGS:usp000jkrw,BGR,5.6,2012/5/22,,70,,140,210,0
2012-0162-ITA,Ground movement,GLIDE:EQ-2012-000090|USGS:usp000jm2n,ITA,5.8,2012/5/29,17,350,14000,,14350,1
2012-0164-AFG,Ground movement,USGS:usp000jmmc,AFG,5.7,2012/6/11,75,13,570,2965,3548,0
2012-0190-CHN,Ground movement,USGS:usp000jn65,CHN,5.5,2012/6/24,4,394,,33840,34234,0
2012-0191-AZE,Ground movement,USGS:usp000jk44,AZE,5.6,2012/5/7,,50,,15500,15550,0
2012-0275-IRN,Ground movement,GLIDE:EQ-2012-000136|USGS:usp000jq5p,IRN,6.4,2012/8/11,306,2006,,59540,61546,0
2012-0321-PHL,Ground movement,USGS:usp000jrky,PHL,5.7,2012/9/4,,1,,4000,4001,0
2012-0338-CHN,Ground movement,USGS:usp000jncx,CHN,6.3,2012/6/29,,52,,155000,155052,0
2012-0343-CRI,Ground movement,GLIDE:EQ-2012-000160|USGS:usp000jrsw,CRI,7.6,2012/9/5,2,225,,537,762,0
2012-0350-CHN,Ground movement,USGS:usp000jrwu,CHN,5.5,2012/9/7,81,821,,744000,744821,0
2012-0397-CHN,Ground movement,USGS:usp000jp7n,CHN,4.9,2012/7/20,1,2,78,2530,2610,0
2012-0398-IDN,Ground movement,USGS:usp000jqf3,IDN,6.3,2012/8/18,6,43,2355,5485,7883,0
2012-0407-GTM,Ground movement,USGS:usp000jv5f,GTM,7.4,2012/11/7,44,178,,1321564,1321742,0
2012-0417-MMR,Ground movement,GLIDE:EQ-2012-000190|USGS:usp000jvbq,MMR,6.8,2012/11/11,38,231,,1255,1486,0
2012-0431-PHL,Ground movement,USGS:usp000jr83,PHL,7.6,2012/8/31,1,10,,28869,28879,0
2012-0502-IRN,Ground movement,USGS:usp000jwga,IRN,5.8,2012/12/5,6,23,,5500,5523,0
2012-0536-CHN,Ground movement,USGS:usp000jwm5,CHN,5.3,2012/12/7,,,,5500,5500,0
2012-0545-AZE,Ground movement,USGS:usp000jkjw,AZE,5.1,2012/5/18,,,6949,,6949,0
2012-0597-IRN,Ground movement,USGS:usp000jdqd,IRN,5.1,2012/1/19,,238,,,238,0
2012-0604-CHN,Ground movement,USGS:usp000jfyz,CHN,5.9,2012/3/9,,36641,,,36641,0
2013-0020-IDN,Ground movement,USGS:usb000esgn,IDN,6.1,2013/1/22,1,15,,500,515,0
2013-0029-SLB,Tsunami,GLIDE:TS-2013-000015|USGS:usc000f1s0,SLB,8,2013/2/6,10,,,3329,3329,0
2013-0058-COL,Ground movement,USGS:usc000f4ij,COL,6.9,2013/2/9,,15,500,9500,10015,0
2013-0081-CHN,Ground movement,USGS:usc000fff5,CHN,5.2,2013/3/3,,30,10540,417170,427740,0
2013-0098-IRN,Ground movement,USGS:usb000g2y5,IRN,6.4,2013/4/9,37,850,,3500,4350,0
2013-0099-IRN,Ground movement,USGS:usb000g7x7,IRN,7.7,2013/4/16,,27,,,27,0
2013-0099-PAK,Ground movement,USGS:usb000g7x7,PAK,7.7,2013/4/16,41,175,,15000,15175,0
2013-0116-CHN,Ground movement,GLIDE:EQ-2013-000046|USGS:usb000gcdd,CHN,6.6,2013/4/20,198,14785,,2184000,2198785,0
2013-0121-HUN,Ground movement,USGS:usb000gdw3,HUN,4.4,2013/4/14,,,,1800,1800,0
2013-0127-JPN,Ground movement,USGS:usb000g5yg,JPN,5.8,2013/4/12,,32,,8406,8438,1
2013-0140-IND,Ground movement,GLIDE:EQ-2013-000056|USGS:usb000gjhz,IND,5.7,2013/5/1,3,70,,59280,59350,0
2013-0151-AFG,Ground movement,USGS:usb000geu9,AFG,5.5,2013/4/24,18,141,,3390,3531,0
2013-0206-TWN,Ground movement,USGS:usb000hbrt,TWN,6.2,2013/6/2,4,19,,1500,1519,
2013-0235-IDN,Ground movement,GLIDE:EQ-2013-000073|USGS:usb000i4re,IDN,6.1,2013/7/2,48,2532,,53403,55935,0
2013-0242-CHN,Ground movement,USGS:usb000ije3,CHN,5.9,2013/7/22,95,887,,123000,123887,0
2013-0268-NZL,Ground movement,USGS:usb000iivv,NZL,6.5,2013/7/21,,4,,13836,13840,1
2013-0314-CHN,Ground movement,USGS:usb000je5n,CHN,5.6,2013/8/31,3,50,,538000,538050,0
2013-0381-PAK,Ground movement,USGS:usb000jyiv,PAK,7.7,2013/9/24,399,599,,185150,185749,0
2013-0395-PHL,Ground movement,USGS:usb000kdb4,PHL,7.1,2013/10/15,230,976,,3221248,3222224,0
2013-0405-GTM,Ground movement,USGS:usb000jkmw,GTM,6.4,2013/9/7,1,52,,520,572,0
2013-0409-PER,Ground movement,USGS:usb000jzma,PER,7.1,2013/9/25,,29,,7055,7084,0
2013-0436-IDN,Ground movement,USGS:usb000ki9y,IDN,5.4,2013/10/22,1,3,,2735,2738,0
2013-0470-CHN,Ground movement,USGS:usb000l4tb,CHN,5.3,2013/11/22,,,,58300,58300,0
2013-0484-PAK,Ground movement,USGS:usb000k1gb,PAK,6.8,2013/9/28,22,50,,,50,0
2013-0516-IRN,Ground movement,USGS:usb000l7nt,IRN,5.8,2013/11/28,8,120,1500,,1620,0
2013-0555-CHN,Ground movement,USGS:usc000llbt,CHN,5.1,2013/12/16,,,,90500,90500,0
2013-0561-TWN,Ground movement,USGS:usb000ftgc,TWN,5.9,2013/3/27,1,97,,,97,
2013-0563-CHN,Ground movement,USGS:usb000g8qd,CHN,5.1,2013/4/17,,10,,80545,80555,0
2013-0581-CHN,Ground movement,USGS:usb000l8qj,CHN,5,2013/12/1,,,2000,,2000,0
2014-0049-GRC,Ground movement,USGS:usb000m8ch,GRC,6.1,2014/1/26,,23,,2000,2023,0
2014-0054-IRN,Ground movement,USGS:usc000lvhr,IRN,5.2,2014/1/2,1,30,,300,330,0
2014-0086-CHN,Ground movement,USGS:usc000mnvj,CHN,6.9,2014/2/12,,,,450000,450000,0
2014-0094-CHL,Ground movement,GLIDE:EQ-2014-000044|USGS:usc000nzvd,CHL,8.2,2014/4/1,6,,,513387,513387,0
2014-0111-NIC,Ground movement,USGS:usc000pgsi,NIC,6.6,2014/4/11,2,266,,12015,12281,0
2014-0127-MEX,Ground movement,USGS:usb000pq41,MEX,7.2,2014/4/18,,,,381,381,0
2014-0129-CHN,Ground movement,USGS:usc000p61s,CHN,5.4,2014/4/4,,21,,75000,75021,0
2014-0159-THA,Ground movement,USGS:usb000qack,THA,6.1,2014/5/5,1,23,,17500,17523,0
2014-0173-CHN,Ground movement,USGS:usb000r1y6,CHN,5.8,2014/5/24,,15,,225000,225015,0
2014-0174-GRC,Ground movement,USGS:usb000r2hc,GRC,6.9,2014/5/24,3,2,,75000,75002,0
2014-0174-TUR,Ground movement,USGS:usb000r2hc,TUR,6.9,2014/5/24,,324,,,324,0
2014-0177-CHN,Ground movement,USGS:usc000r8xg,CHN,5.9,2014/5/30,,45,,184678,184723,0
2014-0234-GTM,Ground movement,GLIDE:EQ-2014-000096|USGS:usc000rr6a,GTM,6.9,2014/7/7,1,274,9830,84679,94783,0
2014-0234-MEX,Ground movement,GLIDE:EQ-2014-000096|USGS:usc000rr6a,MEX,6.9,2014/7/7,3,,,27000,27000,0
2014-0258-COM,Ground movement,USGS:usc000n9m9,COM,4.8,2014/3/12,,,,10000,10000,0
2014-0281-CHN,Ground movement,GLIDE:EQ-2014-000102,CHN,6.2,2014/8/3,731,3413,,1117100,1120513,0
2014-0287-IRN,Ground movement,GLIDE:EQ-2014-000111|USGS:usb000s3t7,IRN,6,2014/8/18,,250,12000,,12250,0
2014-0288-ECU,Ground movement,USGS:usb000s27f,ECU,5.1,2014/8/13,4,8,,54,62,0
2014-0298-DZA,Ground movement,USGS:usb000rz1p,DZA,5.5,2014/8/1,6,420,,,420,0
2014-0311-ZAF,Ground movement,USGS:usb000s0b3,ZAF,5.4,2014/8/5,1,2,,2000,2002,0
2014-0318-USA,Ground movement,USGS:nc72282711,USA,6.02,2014/8/24,1,250,,3000,3250,1
2014-0334-PER,Ground movement,USGS:usb000sgt1,PER,4.9,2014/9/27,8,4,,600,604,0
2014-0449-CHN,Ground movement,USGS:usb000sjim,CHN,6.1,2014/10/7,1,324,,255000,255324,0
2014-0464-CHN,Ground movement,USGS:usb000syy0,CHN,5.9,2014/11/22,5,65,90,82200,82355,0
2014-0465-JPN,Ground movement,USGS:usb000syza,JPN,6.2,2014/11/22,,41,150,2466,2657,1
2014-0544-CHN,Ground movement,USGS:usc000t48q,CHN,5.6,2014/12/6,1,22,2000,,2022,0
2015-0078-CHN,Ground movement,USGS:usc000ts8t,CHN,5.1,2015/2/22,,,,8640,8640,0
2015-0086-COL,Ground movement,USGS:us10001ldx,COL,6.2,2015/3/10,,1,400,40835,41236,0
2015-0125-CHN,Ground movement,USGS:usc000tu67,CHN,5.2,2015/3/1,,32,2000,,2032,0
2015-0144-BGD,Ground movement,GLIDE:EQ-2015-000048|USGS:us20002926,BGD,7.8,2015/4/25,4,200,,,200,0
2015-0144-CHN,Ground movement,GLIDE:EQ-2015-000048|USGS:us20002926,CHN,7.8,2015/4/25,29,383,7500,200000,207883,0
2015-0144-IND,Ground movement,GLIDE:EQ-2015-000048|USGS:us20002926,IND,7.8,2015/4/25,78,560,,,560,0
2015-0144-NPL,Ground movement,GLIDE:EQ-2015-000048|USGS:us20002926,NPL,7.8,2015/4/25,8831,17932,,5621790,5639722,0
2015-0175-CHN,Ground movement,USGS:us20002ejl,CHN,7.3,2015/5/12,1,,,,,0
2015-0175-IND,Ground movement,USGS:us20002ejl,IND,7.3,2015/5/12,20,,,,,0
2015-0175-NPL,Ground movement,USGS:us20002ejl,NPL,7.3,2015/5/12,138,2428,,,2428,0
2015-0216-MYS,Ground movement,USGS:us20002m5s,MYS,6,2015/6/5,24,10,,,10,0
2015-0271-CHN,Ground movement,USGS:us10002n4w,CHN,6.4,2015/7/3,4,48,,3000,3048,0
2015-0336-COD,Ground movement,USGS:us10002zzr,COD,5.5,2015/8/6,3,30,100,260,390,0
2015-0415-IDN,Ground movement,USGS:us20003nqr,IDN,6.6,2015/9/24,,62,,12185,12247,0
2015-0435-CHL,Tsunami,USGS:us20003k7a,CHL,8.3,2015/9/16,19,15,,681484,681499,0
2015-0476-AFG,Ground movement,GLIDE:EQ-2015-000147|USGS:us10003re5,AFG,7.5,2015/10/26,115,58080,34645,,92725,0
2015-0476-IND,Ground movement,GLIDE:EQ-2015-000147|USGS:us10003re5,IND,7.5,2015/10/26,,10,,,10,0
2015-0476-PAK,Ground movement,GLIDE:EQ-2015-000147|USGS:us10003re5,PAK,7.5,2015/10/25,280,1745,133900,366945,502590,0
2015-0512-KGZ,Ground movement,GLIDE:EQ-2015-000158|USGS:us10003yzt,KGZ,5.6,2015/11/17,,,5290,11490,16780,0
2015-0528-TJK,Ground movement,USGS:us100044k6,TJK,7.2,2015/12/7,2,14,,7962,7976,0
2015-0571-AFG,Ground movement,USGS:us100049i1,AFG,6.3,2015/12/25,,12,395,,407,0
2015-0571-PAK,Ground movement,USGS:us100049i1,PAK,6.3,2015/12/25,3,85,,,85,0
2015-0608-TLS,Ground movement,USGS:us200041ty,TLS,6.5,2015/11/4,,3,2000,,2003,0
2016-0002-BGD,Ground movement,,BGD,6.7,2016/1/3,5,70,,,70,0
2016-0002-IND,Ground movement,,IND,6.7,2016/1/3,8,308,,10500,10808,0
2016-0019-IDN,Ground movement,,IDN,5.5,2016/1/16,,8,,360,368,0
2016-0043-TWN,Ground movement,GLIDE:EQ-2016-000012,TWN,6.4,2016/2/6,117,525,,,525,
2016-0100-PAK,Ground movement,,PAK,6.6,2016/4/10,6,42,,100,142,0
2016-0107-JPN,Ground movement,GLIDE:EQ-2016-000033,JPN,6.5,2016/4/14,9,800,,120000,120800,1
2016-0117-ECU,Ground movement,GLIDE:EQ-2016-000035,ECU,7.8,2016/4/16,672,6274,,383090,389364,0
2016-0121-JPN,Ground movement,GLIDE:EQ-2016-000033,JPN,7.3,2016/4/16,49,1684,23985,272763,298432,1
2016-0151-ECU,Ground movement,,ECU,6.8,2016/5/18,1,87,,60,147,0
2016-0251-TJK,Ground movement,,TJK,5.4,2016/7/1,,,,155,155,0
2016-0298-PER,Ground movement,,PER,5.3,2016/8/14,4,67,,11115,11182,0
2016-0313-ITA,Ground movement,GLIDE:EQ-2016-000095,ITA,6.2,2016/8/24,296,400,,4454,4854,0
2016-0329-TZA,Ground movement,GLIDE:EQ-2016-000098,TZA,5.9,2016/9/10,17,440,,139161,139601,0
2016-0329-UGA,Ground movement,GLIDE:EQ-2016-000098,UGA,5.9,2016/9/10,4,,590,,590,0
2016-0335-MKD,Ground movement,,MKD,5.1,2016/9/11,,100,,,100,0
2016-0341-KOR,Ground movement,,KOR,5.4,2016/9/12,,32,,29800,29832,1
2016-0357-ITA,Ground movement,,ITA,6.1,2016/10/26,1,24,,3003,3027,0
2016-0358-ITA,Ground movement,,ITA,6.5,2016/10/30,,20,,22272,22292,0
2016-0383-MMR,Ground movement,,MMR,6.8,2016/8/24,4,2,,1150,1152,0
2016-0395-NZL,Tsunami,GLIDE:EQ-2016-000116,NZL,7.8,2016/11/14,2,50,,,50,1
2016-0458-IDN,Ground movement,,IDN,5.9,2016/8/1,,,,3410,3410,0
2016-0464-PER,Ground movement,,PER,6.3,2016/12/1,1,17,40,200,257,0
2016-0475-IDN,Ground movement,GLIDE:EQ-2016-000127,IDN,6.5,2016/12/7,104,857,,85161,86018,0
2016-0480-CHN,Ground movement,,CHN,6.6,2016/11/25,1,,,37200,37200,0
2016-0483-SLB,Ground movement,GLIDE:EQ-2016-000128,SLB,7.8,2016/12/8,,1,,9769,9770,0
2016-0492-JPN,Ground movement,,JPN,6.2,2016/10/21,,7,6,480,493,1
2016-0493-USA,Ground movement,,USA,5,2016/11/7,,,,120,120,1
2016-0526-CHN,Ground movement,,CHN,5.9,2016/12/8,,,120,9000,9120,0
2016-0536-CHN,Ground movement,,CHN,4.8,2016/5/18,2,,5000,,5000,0
2016-0537-PHL,Ground movement,,PHL,6.7,2016/3/30,8,202,,,202,0
2017-0015-ITA,Ground movement,,ITA,5.3,2017/1/18,29,11,,,11,0
2017-0050-PHL,Ground movement,GLIDE:EQ-2017-000016,PHL,6.7,2017/2/10,8,202,,16655,16857,0
2017-0113-CHN,Ground movement,,CHN,5,2017/3/26,,1,2105,,2106,0
2017-0124-CHN,Ground movement,,CHN,5.4,2017/5/11,8,23,4560,,4583,0
2017-0140-PHL,Ground movement,,PHL,5.9,2017/4/8,,,,25000,25000,0
2017-0182-GRC,Ground movement,,GRC,6.3,2017/6/12,1,11,,720,731,0
2017-0204-IRN,Ground movement,,IRN,5.6,2017/5/13,3,417,1845,,2262,0
2017-0247-PHL,Ground movement,,PHL,6.5,2017/7/6,3,448,,16052,16500,0
2017-0280-GRC,Ground movement,,GRC,6.7,2017/7/21,2,120,,,120,0
2017-0280-TUR,Ground movement,,TUR,6.7,2017/7/21,,360,,,360,0
2017-0331-CHN,Ground movement,,CHN,6.5,2017/8/8,29,525,300,217500,218325,0
2017-0349-ITA,Ground movement,,ITA,4.3,2017/8/23,2,42,,2600,2642,0
2017-0382-GTM,Ground movement,,GTM,7.7,2017/9/8,,2,81,3518,3601,0
2017-0382-MEX,Ground movement,,MEX,8.1,2017/9/8,98,250,,1200000,1200250,0
2017-0387-MEX,Ground movement,,MEX,7.1,2017/9/17,369,6000,,250000,256000,0
2017-0443-KOR,Ground movement,,KOR,5.4,2017/11/15,,57,,5000,5057,1
2017-0446-IRN,Ground movement,,IRN,7.3,2017/11/12,444,9000,,200000,209000,0
2017-0446-IRQ,Ground movement,,IRQ,7.3,2017/11/12,10,469,,5500,5969,0
2017-0451-KGZ,Ground movement,GLIDE:EQ-2017-000050,KGZ,5.9,2017/5/3,,,,5000,5000,0
2017-0513-CHN,Ground movement,,CHN,6.4,2017/11/18,,3,,23400,23403,0
2017-0521-IRN,Ground movement,,IRN,4.9,2017/12/20,2,120,,,120,0
2017-0530-IDN,Ground movement,,IDN,6.5,2017/12/15,4,36,,8859,8895,0
2018-0011-PER,Ground movement,,PER,7.1,2018/1/14,2,139,1295,7885,9319,0
2018-0031-IDN,Ground movement,,IDN,6,2018/1/23,1,11,,13800,13811,0
2018-0055-PNG,Ground movement,GLIDE:EQ-2018-000020,PNG,7.5,2018/2/26,145,300,,544000,544300,0
2018-0059-TWN,Ground movement,,TWN,6.4,2018/2/6,84,285,,,285,
2018-0183-JPN,Ground movement,,JPN,5.5,2018/6/18,5,417,,20298,20715,1
2018-0215-CHN,Ground movement,,CHN,5.1,2018/5/28,,,,12000,12000,0
2018-0254-IDN,Ground movement,GLIDE:EQ-2018-000122,IDN,6.4,2018/7/29,14,135,,102717,102852,0
2018-0257-IDN,Ground movement,,IDN,6.9,2018/8/5,564,1584,70000,445343,516927,0
2018-0281-IRN,Ground movement,,IRN,5.9,2018/7/22,,287,,4755,5042,0
2018-0302-IDN,Ground movement,,IDN,6.9,2018/8/19,10,24,,755,779,0
2018-0310-IRN,Ground movement,,IRN,6,2018/8/26,2,255,3000,10000,13255,0
2018-0315-MEX,Ground movement,,MEX,7.2,2018/2/16,,4,,3000,3004,0
2018-0316-PNG,Ground movement,,PNG,,2018/3/5,11,,,,,0
2018-0317-PNG,Ground movement,,PNG,6.7,2018/3/7,25,,,,,0
2018-0321-SLV,Ground movement,,SLV,5.6,2018/5/6,,,,2499,2499,0
2018-0323-CHN,Ground movement,,CHN,5,2018/8/13,,24,,18000,18024,0
2018-0330-JPN,Ground movement,,JPN,6.6,2018/9/6,41,680,,5600,6280,1
2018-0352-IDN,Tsunami,GLIDE:EQ-2018-000122,IDN,7.5,2018/9/28,4140,,,2000000,2000000,0
2018-0360-HTI,Ground movement,,HTI,5.9,2018/10/6,17,421,,38915,39336,0
2018-0426-IRN,Ground movement,GLIDE:EQ-2018-000415,IRN,6.3,2018/11/25,,716,,,716,0
2019-0023-CHL,Ground movement,,CHL,6.7,2019/1/19,2,,,780,780,0
2019-0085-IDN,Ground movement,,IDN,5.4,2019/2/28,,48,,1715,1763,0
2019-0096-CHN,Ground movement,,CHN,4.9,2019/2/25,2,12,27,32733,32772,0
2019-0109-IDN,Ground movement,,IDN,5.8,2019/3/17,9,45,,1250,1295,0
2019-0162-PHL,Ground movement,GLIDE:EQ-2019-000036,PHL,6.1,2019/4/22,25,282,,15273,15555,0
2019-0232-ALB,Ground movement,,ALB,5.2,2019/6/1,,4,,300,304,0
2019-0233-SLV,Ground movement,,SLV,6.6,2019/5/30,1,,,160,160,0
2019-0243-ECU,Ground movement,,ECU,8,2019/5/26,,15,,,15,0
2019-0243-PER,Ground movement,,PER,8,2019/5/26,2,15,,4257,4272,0
2019-0259-CHN,Ground movement,,CHN,5.8,2019/6/17,13,220,,244000,244220,0
2019-0271-PNG,Ground movement,,PNG,7.6,2019/5/14,,1,,650,651,0
2019-0299-IRN,Ground movement,,IRN,5.7,2019/7/8,1,100,2000,,2100,0
2019-0306-USA,Ground movement,,USA,7.1,2019/7/5,,,,150,150,1
2019-0322-JPN,Ground movement,,JPN,6.4,2019/6/18,,28,,432,460,1
2019-0334-IDN,Ground movement,,IDN,7.2,2019/7/14,8,134,5880,5790,11804,0
2019-0356-PHL,Ground movement,,PHL,5.5,2019/7/13,,52,,9525,9577,0
2019-0362-PHL,Ground movement,GLIDE:EQ-2019-000086,PHL,6,2019/7/27,9,64,,2963,3027,0
2019-0377-IDN,Ground movement,,IDN,6.9,2019/8/2,6,4,,2100,2104,0
2019-0444-ALB,Ground movement,,ALB,5.6,2019/9/21,,108,,4500,4608,0
2019-0451-IDN,Ground movement,,IDN,6.5,2019/9/26,31,179,,247239,247418,0
2019-0460-PAK,Ground movement,GLIDE:EQ-2019-000117,PAK,5.6,2019/9/24,39,746,,129652,130398,0
2019-0475-ECU,Ground movement,,ECU,7.5,2019/2/22,,9,15,225,249,0
2019-0479-TUR,Ground movement,,TUR,5.7,2019/9/26,1,34,,1419,1453,0
2019-0489-PHL,Ground movement,,PHL,6.4,2019/10/16,7,215,,3068,3283,0
2019-0520-CHN,Ground movement,,CHN,5.1,2019/9/8,1,63,396,15123,15582,0
2019-0522-PHL,Ground movement,GLIDE:EQ-2019-000129,PHL,6.6,2019/10/29,10,395,,25630,26025,0
2019-0529-PHL,Ground movement,GLIDE:EQ-2019-000129,PHL,6.5,2019/10/31,23,417,,260286,260703,0
2019-0551-FRA,Ground movement,,FRA,5.3,2019/11/11,,4,,750,754,1
2019-0553-IRN,Ground movement,,IRN,5.9,2019/11/8,6,584,,22500,23084,0
2019-0572-ALB,Ground movement,GLIDE:EQ-2019-000157,ALB,6.4,2019/11/26,51,913,,202000,202913,0
2019-0619-PHL,Ground movement,,PHL,6.8,2019/12/15,14,210,,394355,394565,0
2020-0007-PRI,Ground movement,,PRI,6.4,2020/1/7,4,8,900,4170,5078,
2020-0034-TUR,Ground movement,,TUR,6.7,2020/1/24,41,1607,,69000,70607,0
2020-0073-IRN,Ground movement,,IRN,5.8,2020/2/23,,75,,15000,15075,0
2020-0073-TUR,Ground movement,,TUR,5.8,2020/2/23,9,50,3000,,3050,0
2020-0106-HRV,Ground movement,GLIDE:EQ-2020-000040,HRV,5.4,2020/3/22,1,27,18915,60000,78942,0
2020-0158-PRI,Ground movement,,PRI,5.4,2020/5/2,,,,150,150,
2020-0225-IDN,Ground movement,,IDN,6.4,2020/6/4,,,70,1490,1560,0
2020-0244-CHN,Ground movement,,CHN,5.1,2020/5/18,4,24,,3300,3324,0
2020-0251-TUR,Ground movement,,TUR,5.9,2020/6/14,1,35,,6600,6635,0
2020-0279-TUR,Ground movement,,TUR,5.4,2020/6/25,,5,,273,278,0
2020-0281-MEX,Ground movement,,MEX,7.4,2020/6/23,10,24,,24369,24393,0
2020-0370-PHL,Ground movement,,PHL,6.6,2020/8/18,1,20,705,4255,4980,0
2020-0466-GRC,Ground movement,,GRC,7,2020/10/30,2,19,,900,919,0
2020-0466-TUR,Ground movement,,TUR,7,2020/10/30,115,1034,5000,,6034,0
2020-0572-HRV,Ground movement,GLIDE:EQ-2020-000241,HRV,6.4,2020/12/29,8,36,,149371,149407,0
2020-0579-DZA,Ground movement,GLIDE:EQ-2020-000188,DZA,4.9,2020/8/7,,,,15000,15000,0
2021-0002-ARG,Ground movement,,ARG,6.4,2021/1/18,,14,,1800,1814,0
2021-0003-IDN,Ground movement,GLIDE:EQ-2021-000003,IDN,6.2,2021/1/15,110,826,,99827,100653,0
2021-0095-IRN,Ground movement,GLIDE:EQ-2021-000018,IRN,5.6,2021/2/17,2,63,,257661,257724,0
2021-0105-JPN,Ground movement,,JPN,7.1,2021/2/13,1,185,60,7647,7892,1
2021-0134-GRC,Ground movement,,GRC,5.8,2021/3/3,,11,2700,,2711,0
2021-0194-JPN,Ground movement,,JPN,7,2021/3/20,,11,,600,611,1
2021-0200-IDN,Ground movement,,IDN,6,2021/4/11,9,39,420,5520,5979,0
2021-0201-CHN,Ground movement,,CHN,5.4,2021/3/24,3,,,195,195,0
2021-0215-IRN,Ground movement,,IRN,5.9,2021/4/18,,6,,3537,3543,0
2021-0225-BTN,Ground movement,,BTN,6,2021/4/28,,2,,500,502,0
2021-0225-IND,Ground movement,,IND,6.4,2021/4/28,2,10,,3000,3010,0
2021-0293-CHN,Ground movement,,CHN,6.1,2021/5/21,3,28,,39000,39028,0
2021-0323-IDN,Ground movement,,IDN,5.9,2021/6/16,,,,750,750,0
2021-0329-CHN,Ground movement,,CHN,5.1,2021/6/10,,2,,8010,8012,0
2021-0403-TJK,Ground movement,,TJK,5.9,2021/7/10,5,,,100,100,0
2021-0462-PER,Ground movement,,PER,6.2,2021/7/30,,721,,700,1421,0
2021-0511-HTI,Ground movement,GLIDE:EQ-2021-000116,HTI,7.2,2021/8/14,2575,12763,,690000,702763,0
2021-0587-CHN,Ground movement,,CHN,5.4,2021/9/16,3,88,2437,21870,24395,0
2021-0602-MEX,Ground movement,,MEX,7,2021/9/8,3,,,21951,21951,0
2021-0627-GRC,Ground movement,,GRC,6,2021/9/27,1,20,2316,,2336,0
2021-0654-PAK,Ground movement,GLIDE:EQ-2021-000156,PAK,5.9,2021/10/7,21,300,,63800,64100,0
2021-0720-IDN,Ground movement,,IDN,5.1,2021/10/16,3,82,1830,2620,4532,0
2021-0738-IRN,Ground movement,GLIDE:EQ-2021-000177,IRN,6.3,2021/11/14,1,104,,36484,36588,0
2021-0758-ECU,Ground movement,GLIDE:EQ-2021-000192,ECU,7.2,2021/11/28,,,,39,39,0
2021-0758-PER,Ground movement,GLIDE:EQ-2021-000192,PER,7.2,2021/11/28,,3,,17909,17912,0
2021-0801-IDN,Ground movement,,IDN,7.3,2021/12/14,,7,,1730,1737,0
2021-0829-CHN,Ground movement,,CHN,5.7,2021/12/24,,10,,19200,19210,0
2021-0829-LAO,Ground movement,,LAO,5.7,2021/12/24,,,,,,0
2022-0004-CHN,Ground movement,,CHN,5.4,2022/1/2,,30,,29000,29030,0
2022-0012-IDN,Ground movement,,IDN,5.6,2022/1/10,,2,,300,302,0
2022-0027-AFG,Ground movement,GLIDE:EQ-2022-000008,AFG,5.3,2022/1/17,28,4,4000,,4004,0
2022-0042-IDN,Ground movement,,IDN,6.6,2022/1/14,,1975,,13415,15390,0
2022-0045-CHN,Ground movement,,CHN,6.6,2022/1/8,,9,,26490,26499,0
2022-0057-HTI,Ground movement,,HTI,5.3,2022/1/24,2,52,950,15,1017,0
2022-0079-PER,Ground movement,,PER,6.5,2022/2/3,,,,300,300,0
2022-0092-GTM,Ground movement,,GTM,6.2,2022/2/16,3,2,,31300,31302,0
2022-0115-IDN,Ground movement,,IDN,6.1,2022/2/25,15,388,515,24000,24903,0
2022-0153-JPN,Ground movement,,JPN,7.3,2022/3/16,3,183,,558,741,1
2022-0177-ECU,Ground movement,GLIDE:EQ-2022-000194,ECU,5.8,2022/3/26,1,2,,7802,7804,0
2022-0231-BIH,Ground movement,,BIH,5.6,2022/4/23,1,2,,1050,1052,0
2022-0334-CHN,Ground movement,,CHN,5.8,2022/6/1,4,41,,13500,13541,0
2022-0342-AFG,Ground movement,,AFG,5.9,2022/6/21,1036,2989,,361634,364623,0
2022-0342-PAK,Ground movement,,PAK,5.9,2022/6/21,43,,,,,0
2022-0402-IRN,Ground movement,GLIDE:EQ-2022-000256,IRN,6.1,2022/7/2,5,84,,22216,22300,0
2022-0411-CHN,Ground movement,,CHN,5.9,2022/6/10,,4,,780,784,0
2022-0430-PER,Ground movement,,PER,5.5,2022/7/12,,2,,300,302,0
2022-0448-PHL,Ground movement,,PHL,7,2022/7/27,10,394,,502462,502856,0
2022-0567-CHN,Ground movement,,CHN,6.6,2022/9/5,118,400,,130000,130400,0
2022-0592-PNG,Ground movement,,PNG,7.6,2022/9/13,7,24,1945,,1969,0
2022-0595-IDN,Ground movement,,IDN,6,2022/9/11,,3,,6000,6003,0
2022-0611-TWN,Ground movement,,TWN,6.5,2022/9/18,1,140,,,140,
2022-0622-MEX,Ground movement,,MEX,6.8,2022/9/22,3,5,,18000,18005,0
2022-0623-MEX,Ground movement,,MEX,7.6,2022/9/19,2,9,2424,15453,17886,0
2022-0634-IRN,Ground movement,GLIDE:EQ-2022-000326,IRN,5.6,2022/10/5,,1127,150,11288,12565,0
2022-0703-PHL,Ground movement,,PHL,6.4,2022/10/25,,44,,147378,147422,0
2022-0731-NPL,Ground movement,GLIDE:EQ-2022-000358,NPL,5.7,2022/11/9,6,8,,30000,30008,0
2022-0755-IDN,Ground movement,,IDN,5.6,2022/11/21,334,4645,,2200000,2204645,0
2022-0765-TUR,Ground movement,,TUR,6.1,2022/11/23,2,93,,213,306,0
2022-0808-USA,Ground movement,,USA,6.4,2022/12/20,2,12,,,12,1
2023-0006-IDN,Ground movement,,IDN,7.6,2023/1/10,1,11,60,4350,4421,0
2023-0012-IRN,Ground movement,GLIDE:EQ-2023-000007,IRN,5.7,2023/1/18,,252,,41426,41678,0
2023-0047-IRN,Ground movement,,IRN,5.9,2023/1/28,3,1017,,261387,262404,0
2023-0054-SYR,Ground movement,GLIDE:EQ-2023-000015,SYR,7.8,2023/2/6,5900,8700,,8800000,8808700,0
2023-0054-TUR,Ground movement,GLIDE:EQ-2023-000015,TUR,7.8,2023/2/6,53000,107000,,16000000,16107000,0
2023-0073-IDN,Ground movement,,IDN,5.1,2023/2/9,4,,,2136,2136,0
2023-0091-SYR,Ground movement,,SYR,6.3,2023/2/20,,470,,,470,0
2023-0091-TUR,Ground movement,,TUR,6.3,2023/2/20,6,294,,,294,0
2023-0107-SYR,Ground movement,,SYR,5.2,2023/2/27,,150,,,150,0
2023-0107-TUR,Ground movement,,TUR,5.2,2023/2/27,1,110,90,,200,0
2023-0155-ECU,Ground movement,GLIDE:EQ-2023-000038,ECU,6.8,2023/3/18,14,494,,126922,127416,0
2023-0155-PER,Ground movement,GLIDE:EQ-2023-000038,PER,6.8,2023/3/18,1,1,,140,141,0
2023-0156-AFG,Ground movement,,AFG,6.5,2023/3/21,5,80,,3265,3345,0
2023-0156-PAK,Ground movement,,PAK,6.5,2023/3/21,11,79,,860,939,0
2023-0169-IRN,Ground movement,,IRN,5.6,2023/3/24,,239,,,239,0
2023-0189-PNG,Ground movement,,PNG,7,2023/4/2,8,11,2628,13635,16274,0
2023-0237-TJK,Ground movement,GLIDE:EQ-2023-000043,TJK,4.8,2023/3/23,,3,,2202,2205,0
2023-0268-CHN,Ground movement,,CHN,5.3,2023/5/2,,10,,8400,8410,0
2023-0279-JPN,Ground movement,,JPN,6.2,2023/5/6,1,43,54,2157,2254,1
2023-0323-FRA,Ground movement,,FRA,4.8,2023/6/16,,2,,750,752,1
2023-0378-IDN,Ground movement,,IDN,5.8,2023/6/30,1,10,,1110,1120,0
2023-0522-CHN,Ground movement,,CHN,5.4,2023/8/5,,21,378,,399,0
2023-0600-MAR,Ground movement,GLIDE:EQ-2023-000166,MAR,6.8,2023/9/8,2946,5674,,840000,845674,0
2023-0636-AFG,Ground movement,GLIDE:EQ-2023-000184,AFG,5.4,2023/10/7,2445,9240,,560000,569240,0
2023-0653-NPL,Ground movement,GLIDE:EQ-2023-000182,NPL,5.7,2023/10/3,1,23,,36250,36273,0
2023-0660-AFG,Ground movement,,AFG,6.3,2023/10/11,1,140,,,140,0
2023-0722-NPL,Ground movement,GLIDE:EQ-2023-000214,NPL,5.7,2023/11/3,154,366,,300000,300366,0
2023-0739-PHL,Ground movement,,PHL,6.2,2023/9/12,,5,,175,180,0
2023-0749-ISL,Ground movement,GLIDE:VO-2023-000243,ISL,6.1,2023/10/25,,,,3665,3665,1
2023-0762-PHL,Ground movement,,PHL,6.7,2023/11/17,11,37,,99541,99578,0
2023-0791-PHL,Ground movement,,PHL,7.6,2023/12/2,3,79,,720997,721076,0
2023-0838-CHN,Ground movement,,CHN,5.9,2023/12/19,151,980,,600000,600980,0
2024-0001-JPN,Ground movement,,JPN,7.5,2024/1/2,252,1182,,166947,168129,1
2024-0035-CHN,Ground movement,,CHN,5.6,2024/1/23,6,5,141,12426,12572,0
2024-0035-KAZ,Ground movement,,KAZ,5.8,2024/1/23,,67,,,67,0
2024-0153-PNG,Ground movement,,PNG,6.9,2024/3/20,5,2,5000,,5002,0
2024-0154-IDN,Ground movement,,IDN,6.4,2024/3/22,,2,,144520,144522,0
2024-0189-TWN,Ground movement,,TWN,7.4,2024/4/3,20,1145,333,891,2369,
2024-0262-IDN,Ground movement,,IDN,6.1,2024/4/27,1,12,70,2730,2812,0
2024-0392-IRN,Ground movement,,IRN,4.9,2024/6/18,4,120,,,120,0
2024-0473-PER,Ground movement,,PER,7.2,2024/6/28,,30,33,9000,9063,0
2024-0585-PHL,Ground movement,,PHL,6.8,2024/8/2,,,,24000,24000,0
2024-0688-IDN,Ground movement,,IDN,5.1,2024/9/18,1,75,,2800,2875,0
2024-0751-TUR,Ground movement,,TUR,6,2024/10/16,,43,69,1605,1717,0
2024-0848-CUB,Ground movement,,CUB,6.8,2024/11/10,,7,,6000,6007,0
